{"type":"FeatureCollection","properties":{"role":"de-feather-stack","steps":16,"step_merc_m":6000.0,"quelle":"deutschland_maske.geojson (Loecher), Web-Mercator-Puffer"},"features":[{"type":"Feature","properties":{"role":"de-feather","step":1,"dist_merc_m":6000.0},"geometry":{"type":"Polygon","coordinates":[[[-179.9,-85.0],[179.9,-85.0],[179.9,85.0],[-179.9,85.0],[-179.9,-85.0]],[[5.85103,50.98684],[5.82179,51.03118],[5.82057,51.06171],[5.86347,51.08431],[5.94196,51.08755],[5.98572,51.12235],[6.05427,51.15169],[6.02458,51.18477],[6.02698,51.25523],[6.10702,51.32043],[6.13451,51.3603],[6.17384,51.3739],[6.16062,51.40691],[6.16962,51.49489],[6.11323,51.54847],[6.04395,51.58884],[6.0518,51.63954],[5.99092,51.66263],[5.98106,51.70558],[5.93367,51.71401],[5.91077,51.73639],[5.94136,51.78177],[5.91165,51.80992],[5.91883,51.84195],[5.94098,51.85904],[6.00938,51.86871],[6.08715,51.92608],[6.14537,51.93756],[6.19253,51.93136],[6.24149,51.90541],[6.31657,51.90516],[6.35338,51.88728],[6.38914,51.90706],[6.49047,51.89744],[6.67289,51.95113],[6.73576,51.94028],[6.76564,51.97991],[6.6505,52.02466],[6.64985,52.08479],[6.7015,52.10698],[6.73278,52.14557],[6.83009,52.15311],[6.8755,52.19957],[6.92605,52.21573],[6.948,52.2472],[6.9856,52.25833],[6.97587,52.29576],[7.02615,52.36439],[6.98058,52.41036],[6.93423,52.40564],[6.82582,52.43048],[6.76259,52.43211],[6.68509,52.45656],[6.66709,52.46785],[6.63136,52.56367],[6.67064,52.58754],[6.6685,52.64058],[6.72604,52.67795],[6.88227,52.68978],[6.95029,52.67705],[7.01238,52.67922],[7.04365,52.85761],[7.16484,52.94938],[7.20034,53.00438],[7.20057,53.08467],[7.17347,53.12837],[7.23033,53.19707],[7.17388,53.21258],[7.15269,53.23175],[7.18135,53.27939],[7.17797,53.30208],[7.0011,53.308],[6.94474,53.36023],[6.98921,53.55086],[7.03856,53.56977],[7.05186,53.59897],[7.15137,53.66558],[7.1031,53.64905],[6.95857,53.63739],[6.93073,53.60108],[6.8644,53.59737],[6.84205,53.57633],[6.81135,53.57],[6.79447,53.53733],[6.75247,53.52481],[6.69649,53.53014],[6.62285,53.55633],[6.57783,53.59212],[6.59003,53.63005],[6.62051,53.64383],[6.67464,53.6377],[6.76306,53.65026],[6.7856,53.67821],[6.85101,53.70146],[7.08661,53.71406],[7.17226,53.75206],[7.27601,53.7486],[7.39558,53.76644],[7.42388,53.76163],[7.48216,53.78668],[7.62735,53.78157],[7.67248,53.80746],[7.80554,53.80655],[7.90066,53.82573],[7.97289,53.80848],[8.00487,53.81742],[8.0448,53.80958],[8.08473,53.75932],[8.06745,53.7285],[8.07998,53.71837],[8.08349,53.73492],[8.11442,53.75298],[8.16147,53.76145],[8.2084,53.7481],[8.22745,53.7252],[8.19255,53.68968],[8.12303,53.68336],[8.08477,53.70339],[8.07733,53.6873],[8.08326,53.67597],[8.14631,53.66612],[8.17713,53.6142],[8.20243,53.60157],[8.24251,53.63664],[8.3425,53.64738],[8.42757,53.59658],[8.47081,53.58604],[8.42971,53.65569],[8.43312,53.70548],[8.50433,53.84092],[8.57583,53.90421],[8.68818,53.92337],[8.80996,53.86358],[8.93711,53.86777],[8.85916,53.91818],[8.76848,54.0117],[8.77043,54.03434],[8.81817,54.0655],[8.9039,54.07464],[8.88969,54.09636],[8.86225,54.09109],[8.82037,54.10071],[8.75632,54.1633],[8.77991,54.24969],[8.73687,54.25774],[8.68781,54.23669],[8.63383,54.24207],[8.55565,54.2672],[8.52725,54.29839],[8.53401,54.34179],[8.57455,54.41057],[8.78237,54.44209],[8.75257,54.47216],[8.75193,54.50239],[8.77143,54.52214],[8.75645,54.52785],[8.70528,54.46998],[8.61594,54.45811],[8.52767,54.39036],[8.47299,54.38281],[8.42003,54.41047],[8.39583,54.45208],[8.42035,54.48872],[8.40184,54.55467],[8.40978,54.58257],[8.3329,54.58237],[8.24035,54.6592],[8.24381,54.68045],[8.28144,54.71265],[8.24385,54.72857],[8.22587,54.7531],[8.23619,54.88779],[8.36366,55.07642],[8.43816,55.08503],[8.51359,55.05645],[8.4846,54.99667],[8.41231,54.96561],[8.41803,54.91504],[8.43938,54.90927],[8.57375,54.91634],[8.63519,54.94386],[8.73249,54.936],[8.82784,54.94635],[8.87205,54.93157],[8.98097,54.93137],[9.06459,54.90042],[9.14154,54.90174],[9.24709,54.88418],[9.32411,54.84012],[9.35731,54.86401],[9.39645,54.87139],[9.46854,54.85363],[9.49985,54.86962],[9.5174,54.90088],[9.5822,54.91963],[9.65372,54.89668],[9.6672,54.87264],[9.65357,54.85382],[9.8214,54.82337],[9.85452,54.80037],[9.89252,54.8272],[9.93607,54.8237],[10.00279,54.79481],[10.03923,54.73187],[10.08656,54.70152],[10.08137,54.54939],[10.0472,54.50779],[10.15842,54.51078],[10.24513,54.47234],[10.2514,54.45022],[10.31416,54.46693],[10.40332,54.45618],[10.50224,54.41971],[10.63554,54.38793],[10.7226,54.33801],[10.76552,54.34142],[10.91036,54.41134],[10.98684,54.41251],[10.95294,54.4404],[10.9644,54.49995],[10.98892,54.5323],[11.03474,54.55849],[11.08146,54.56521],[11.26243,54.53345],[11.32644,54.46788],[11.3642,54.39126],[11.32006,54.37092],[11.24445,54.37985],[11.17949,54.3705],[11.13078,54.33659],[11.13835,54.18033],[10.99034,54.11694],[10.90239,54.05993],[10.8337,54.05634],[10.80731,54.04038],[10.82016,54.02623],[10.90315,54.01581],[10.9264,53.99953],[11.03427,54.038],[11.17316,54.04715],[11.21017,54.04159],[11.2433,54.01654],[11.29365,54.00894],[11.31173,53.98637],[11.35,54.0244],[11.45785,54.05341],[11.51374,54.11474],[11.58484,54.13698],[11.65989,54.18183],[11.75977,54.18612],[11.8488,54.17767],[11.99201,54.20787],[12.09561,54.21367],[12.16623,54.26923],[12.29744,54.31955],[12.35929,54.39167],[12.40578,54.42143],[12.44622,54.48131],[12.49665,54.5126],[12.54661,54.51219],[12.58332,54.48362],[12.66059,54.47402],[12.96421,54.46985],[13.00672,54.47857],[13.05497,54.6096],[13.12339,54.63543],[13.16698,54.63137],[13.16718,54.64781],[13.20909,54.68034],[13.27885,54.70377],[13.42163,54.71542],[13.46008,54.7101],[13.4913,54.68168],[13.47319,54.64323],[13.43363,54.62852],[13.4524,54.60499],[13.64952,54.61497],[13.72784,54.57672],[13.73574,54.54435],[13.71937,54.51017],[13.62489,54.46242],[13.64611,54.43093],[13.71439,54.42121],[13.81826,54.35113],[13.81599,54.3285],[13.76935,54.29596],[13.77466,54.26085],[13.73098,54.24038],[13.68961,54.23956],[13.57116,54.29556],[13.51825,54.2801],[13.4818,54.28962],[13.45772,54.27542],[13.47701,54.2339],[13.4398,54.20332],[13.47185,54.17894],[13.47173,54.15325],[13.60475,54.16959],[13.68219,54.20223],[13.73413,54.19535],[13.79265,54.20934],[13.84174,54.20385],[13.90882,54.1244],[14.05386,54.07571],[14.27434,53.93606],[14.26156,53.90977],[14.26885,53.85607],[14.23986,53.83653],[14.05919,53.84157],[13.97812,53.81459],[14.00387,53.79875],[14.11516,53.77271],[14.17142,53.77367],[14.24569,53.79285],[14.32952,53.75491],[14.33576,53.73206],[14.31924,53.7158],[14.34469,53.64957],[14.37753,53.62556],[14.36684,53.55266],[14.42599,53.47088],[14.47061,53.30451],[14.50186,53.26773],[14.49401,53.24396],[14.42955,53.18426],[14.44184,53.13892],[14.40607,53.05033],[14.30747,52.9848],[14.19906,52.9463],[14.20952,52.88278],[14.19181,52.85467],[14.23949,52.84911],[14.30616,52.8049],[14.38526,52.7782],[14.46227,52.71266],[14.6413,52.63037],[14.69236,52.58489],[14.66197,52.53204],[14.681,52.51175],[14.68006,52.48521],[14.63337,52.43439],[14.59606,52.41857],[14.59115,52.39992],[14.63891,52.30293],[14.71634,52.28641],[14.74801,52.25557],[14.74835,52.17089],[14.72865,52.12769],[14.78545,52.09237],[14.79437,52.06767],[14.75584,51.99339],[14.75231,51.92699],[14.69675,51.85716],[14.65014,51.82988],[14.69656,51.81],[14.71345,51.74932],[14.7885,51.6797],[14.79822,51.60263],[14.76749,51.57351],[14.78132,51.55575],[14.86768,51.52636],[14.93085,51.52422],[15.01198,51.46853],[15.02828,51.36208],[15.07889,51.32172],[15.09195,51.24193],[15.05834,51.19515],[15.02906,51.06992],[15.00414,51.04535],[14.97638,50.97401],[14.94291,50.92965],[14.87811,50.88183],[14.85462,50.8155],[14.8267,50.79772],[14.69053,50.79522],[14.66254,50.81288],[14.57829,50.82819],[14.55259,50.8631],[14.56823,50.88893],[14.53531,50.89331],[14.50873,50.91322],[14.53647,50.96848],[14.44836,50.98924],[14.40948,50.97588],[14.44788,50.95905],[14.45636,50.93153],[14.43542,50.88619],[14.39685,50.85831],[14.27067,50.84439],[14.24553,50.82085],[14.11112,50.78735],[14.08293,50.77008],[14.01639,50.76037],[13.99174,50.76652],[13.94992,50.75139],[13.9404,50.72133],[13.87666,50.68825],[13.80985,50.68209],[13.76427,50.69417],[13.59867,50.67891],[13.57537,50.62187],[13.49923,50.56995],[13.46062,50.56239],[13.38272,50.58593],[13.36364,50.55683],[13.28021,50.54236],[13.23247,50.47534],[13.08147,50.46549],[13.07312,50.4304],[12.99143,50.38116],[12.92566,50.37324],[12.84659,50.40696],[12.81329,50.39822],[12.77963,50.4062],[12.72288,50.36531],[12.63118,50.37932],[12.54379,50.36801],[12.53775,50.3299],[12.49232,50.31448],[12.41738,50.2587],[12.41595,50.22702],[12.36395,50.15424],[12.32209,50.14538],[12.25908,50.15177],[12.2488,50.13869],[12.39741,50.04991],[12.52674,50.01121],[12.54794,49.96312],[12.595,49.94382],[12.60213,49.89312],[12.52999,49.81004],[12.51473,49.769],[12.47569,49.75125],[12.48657,49.73517],[12.57106,49.7086],[12.58418,49.65678],[12.61496,49.6373],[12.63379,49.59567],[12.63287,49.56787],[12.67234,49.56151],[12.69642,49.54312],[12.70875,49.46234],[12.80091,49.42293],[12.82539,49.38434],[12.95962,49.3831],[13.07134,49.33372],[13.0889,49.29658],[13.13781,49.26561],[13.16764,49.22278],[13.22538,49.19378],[13.24447,49.15152],[13.30927,49.15434],[13.3732,49.1247],[13.45348,49.06537],[13.47282,48.99873],[13.58809,49.00397],[13.66578,48.97776],[13.69125,48.92733],[13.75381,48.92149],[13.79469,48.89558],[13.88965,48.77817],[13.85931,48.72141],[13.8784,48.63368],[13.86053,48.57859],[13.76153,48.49318],[13.6955,48.48536],[13.59308,48.53457],[13.54932,48.53199],[13.52475,48.54317],[13.50273,48.53369],[13.50515,48.50402],[13.48037,48.45917],[13.48778,48.41799],[13.44609,48.35078],[13.30361,48.27134],[13.1949,48.26226],[13.05366,48.23093],[12.99029,48.18582],[12.91051,48.17284],[12.81677,48.09918],[12.89749,48.04618],[12.92505,47.99329],[12.98789,47.95786],[13.0501,47.86736],[13.04974,47.83657],[13.00019,47.76489],[13.07825,47.74872],[13.12514,47.71271],[13.15915,47.64328],[13.09988,47.53522],[13.10201,47.47864],[13.04938,47.4386],[13.01209,47.42933],[12.9453,47.44465],[12.76864,47.53178],[12.72877,47.57345],[12.74387,47.61334],[12.71266,47.64683],[12.63911,47.63973],[12.59288,47.59969],[12.51102,47.59267],[12.46884,47.60257],[12.40087,47.65563],[12.33031,47.65648],[12.2651,47.64071],[12.27287,47.6003],[12.23104,47.56794],[11.93179,47.57517],[11.87085,47.54392],[11.75224,47.55634],[11.6596,47.55055],[11.64828,47.51034],[11.61863,47.48574],[11.51467,47.46501],[11.46842,47.47036],[11.47785,47.44312],[11.45863,47.41763],[11.36611,47.41329],[11.32121,47.36878],[11.27348,47.35451],[11.20142,47.35817],[11.17183,47.38645],[11.11117,47.36075],[10.95538,47.36283],[10.87893,47.4416],[10.8443,47.44385],[10.81585,47.46038],[10.81083,47.48738],[10.74647,47.48408],[10.716,47.506],[10.64755,47.52476],[10.62274,47.5258],[10.57072,47.50008],[10.50864,47.50566],[10.5239,47.42434],[10.48202,47.3931],[10.47512,47.35546],[10.43221,47.34271],[10.35583,47.27347],[10.25079,47.23568],[10.16973,47.23332],[10.1322,47.24393],[10.11118,47.26918],[10.14031,47.33292],[10.10565,47.31894],[10.05287,47.33293],[10.01792,47.39968],[10.02532,47.43204],[9.96455,47.45732],[9.92554,47.4963],[9.84995,47.49803],[9.78087,47.52257],[9.73997,47.50508],[9.66837,47.51028],[9.63959,47.52955],[9.51574,47.56608],[9.47558,47.61561],[9.4084,47.6323],[9.33333,47.63115],[9.27015,47.65428],[9.20573,47.62401],[9.14697,47.61914],[9.05417,47.67835],[8.97456,47.63309],[8.9024,47.61961],[8.85899,47.62494],[8.82663,47.64981],[8.8008,47.64365],[8.70698,47.66133],[8.68247,47.65488],[8.64671,47.59317],[8.61066,47.56845],[8.54414,47.56985],[8.5012,47.54604],[8.43613,47.5354],[8.31588,47.54044],[8.24801,47.57856],[8.15157,47.55895],[8.10888,47.5294],[8.02676,47.52028],[7.9282,47.51492],[7.87745,47.52844],[7.85821,47.55388],[7.71315,47.50286],[7.63119,47.51151],[7.48677,47.63437],[7.45966,47.68778],[7.49224,47.73725],[7.47641,47.78538],[7.50773,47.8462],[7.50698,47.89312],[7.56304,47.97794],[7.51684,48.02627],[7.5241,48.124],[7.61688,48.23866],[7.64817,48.32106],[7.68652,48.34429],[7.68239,48.40995],[7.71702,48.50039],[7.75023,48.52704],[7.75136,48.59828],[7.7871,48.64876],[7.91074,48.73525],[7.93939,48.78535],[7.97736,48.7935],[8.00895,48.82028],[8.04696,48.8264],[8.12652,48.94837],[8.08048,48.95461],[7.93073,49.00858],[7.85458,48.99916],[7.80216,49.02015],[7.73778,49.00921],[7.6175,49.02082],[7.58298,49.04563],[7.50013,49.06827],[7.43722,49.12989],[7.41307,49.13386],[7.29442,49.07987],[7.23971,49.09256],[7.18395,49.08117],[7.115,49.09922],[7.06162,49.07738],[6.99807,49.10203],[6.97716,49.16234],[6.91864,49.17928],[6.89219,49.13751],[6.84771,49.1172],[6.72461,49.13042],[6.69296,49.1452],[6.60847,49.26002],[6.51938,49.33099],[6.51861,49.36886],[6.49586,49.38152],[6.48536,49.41279],[6.42175,49.43755],[6.36097,49.42515],[6.31325,49.44268],[6.30097,49.46648],[6.31168,49.58331],[6.37168,49.63815],[6.38307,49.68895],[6.44584,49.72857],[6.46132,49.77161],[6.3761,49.7907],[6.35411,49.80552],[6.27936,49.80797],[6.25928,49.83486],[6.19645,49.86942],[6.17393,49.91942],[6.11691,49.93622],[6.07752,49.98314],[6.04447,50.05989],[6.08477,50.16674],[6.12719,50.20577],[6.12244,50.25202],[6.16686,50.28048],[6.2254,50.29344],[6.25904,50.33998],[6.30429,50.35375],[6.28663,50.39215],[6.31591,50.43338],[6.28511,50.46792],[6.25473,50.46054],[6.20401,50.47039],[6.12942,50.52278],[6.11832,50.55161],[6.1504,50.59059],[6.12274,50.60923],[6.10997,50.6568],[6.07736,50.68628],[5.98912,50.702],[5.90804,50.79627],[5.9184,50.82328],[5.98764,50.87259],[6.02649,50.88114],[6.02361,50.89523],[5.97308,50.91194],[5.95041,50.95103],[5.90463,50.94433],[5.86371,50.9555],[5.85103,50.98684]],[[13.88506,54.27358],[13.92403,54.28272],[13.96242,54.27275],[13.98137,54.24942],[13.96901,54.22838],[13.91159,54.20992],[13.87049,54.21746],[13.85196,54.24019],[13.88506,54.27358]],[[8.62559,54.04843],[8.57711,54.04714],[8.5344,54.07123],[8.54167,54.09723],[8.60592,54.12015],[8.64914,54.11162],[8.66571,54.0945],[8.71509,54.09471],[8.75319,54.06665],[8.74935,54.04348],[8.69976,54.0182],[8.65844,54.01986],[8.62559,54.04843]],[[8.46172,53.95438],[8.5136,53.96172],[8.5632,53.94002],[8.56799,53.91044],[8.54465,53.89045],[8.47825,53.88274],[8.44575,53.89395],[8.43418,53.92634],[8.46172,53.95438]],[[8.35787,53.86571],[8.39766,53.86532],[8.42615,53.84894],[8.42338,53.81798],[8.38971,53.79831],[8.32459,53.80234],[8.29942,53.82058],[8.31448,53.85362],[8.35787,53.86571]],[[7.81722,54.17692],[7.81051,54.20235],[7.83841,54.22223],[7.93799,54.21928],[7.96871,54.20149],[7.96741,54.16801],[7.9223,54.14148],[7.85656,54.14473],[7.81722,54.17692]]]}},{"type":"Feature","properties":{"role":"de-feather","step":2,"dist_merc_m":12000.0},"geometry":{"type":"Polygon","coordinates":[[[-179.9,-85.0],[179.9,-85.0],[179.9,85.0],[-179.9,85.0],[-179.9,-85.0]],[[5.798,50.97729],[5.76434,51.04088],[5.76953,51.07258],[5.81844,51.10974],[5.91714,51.12263],[5.9851,51.15714],[5.96618,51.21868],[5.97577,51.26575],[6.11071,51.39048],[6.12197,51.46948],[6.06958,51.5277],[5.99694,51.57245],[5.9859,51.62094],[5.94284,51.64753],[5.93059,51.67938],[5.87296,51.70586],[5.85754,51.73118],[5.87235,51.78035],[5.85764,51.83246],[5.87302,51.85949],[5.90984,51.8862],[5.9739,51.89713],[6.0562,51.95328],[6.13185,51.96971],[6.18138,51.97038],[6.2594,51.94096],[6.34988,51.93161],[6.41846,51.94055],[6.48433,51.93409],[6.65207,51.98177],[6.60281,52.0092],[6.58866,52.05449],[6.59901,52.09579],[6.62052,52.11806],[6.6649,52.13521],[6.69711,52.17036],[6.79404,52.18661],[6.83465,52.22111],[6.88321,52.24099],[6.92568,52.27748],[6.93303,52.32346],[6.9669,52.36543],[6.70778,52.40918],[6.65655,52.42869],[6.62055,52.45129],[6.57894,52.57127],[6.61854,52.60719],[6.61774,52.65158],[6.66171,52.68945],[6.70827,52.70879],[6.78482,52.72148],[6.96186,52.71279],[6.99301,52.86876],[7.11749,52.96581],[7.1454,53.01085],[7.14553,53.07783],[7.11996,53.13228],[7.15899,53.18169],[7.11539,53.20318],[7.10009,53.2247],[7.11145,53.27057],[6.97524,53.27973],[6.90933,53.32518],[6.89031,53.36978],[6.92713,53.54077],[6.94675,53.57077],[6.89407,53.56329],[6.82922,53.51284],[6.78929,53.49719],[6.70818,53.49468],[6.61104,53.52155],[6.53931,53.5641],[6.52501,53.61012],[6.54424,53.6469],[6.60519,53.67446],[6.7238,53.67881],[6.74647,53.70017],[6.82784,53.73026],[7.05914,53.74776],[7.16036,53.78313],[7.31893,53.78533],[7.4796,53.81847],[7.60633,53.81808],[7.68079,53.84141],[7.78797,53.83936],[7.9055,53.8574],[7.97044,53.84401],[8.0432,53.84608],[8.08042,53.83345],[8.12576,53.78937],[8.19855,53.78952],[8.24319,53.77244],[8.2813,53.72665],[8.27425,53.70089],[8.23169,53.66772],[8.31443,53.67896],[8.37581,53.67349],[8.38263,53.71665],[8.41764,53.77204],[8.35854,53.76534],[8.29835,53.77453],[8.24801,53.81102],[8.24332,53.8348],[8.27812,53.87708],[8.38409,53.89886],[8.38976,53.95147],[8.42484,53.9775],[8.45579,53.98945],[8.5286,53.99217],[8.58075,53.97456],[8.61574,53.94634],[8.69386,53.95493],[8.7342,53.94751],[8.8206,53.89555],[8.72683,53.99152],[8.67513,53.985],[8.63439,53.99152],[8.50372,54.03898],[8.48241,54.06289],[8.49695,54.11487],[8.55571,54.14265],[8.64634,54.14863],[8.726,54.125],[8.70514,54.1534],[8.70758,54.20787],[8.65535,54.20671],[8.58405,54.22085],[8.49764,54.26056],[8.47423,54.29275],[8.48317,54.35087],[8.4024,54.37306],[8.34922,54.42997],[8.34194,54.45151],[8.36358,54.49416],[8.35028,54.54717],[8.27382,54.57296],[8.1882,54.65133],[8.20595,54.70698],[8.17202,54.7544],[8.18322,54.89351],[8.28651,55.06257],[8.32872,55.0999],[8.38338,55.11506],[8.45882,55.11352],[8.54071,55.08852],[8.56411,55.0672],[8.57069,55.04228],[8.54658,54.99988],[8.5267,54.97736],[8.46919,54.95412],[8.46836,54.9419],[8.54863,54.94612],[8.59427,54.96964],[8.63288,54.97478],[8.84364,54.97593],[8.88797,54.96468],[8.9869,54.96214],[9.08201,54.93171],[9.13993,54.9327],[9.2694,54.9124],[9.32148,54.88651],[9.38423,54.90158],[9.45159,54.89649],[9.50731,54.93639],[9.58802,54.95041],[9.69383,54.91738],[9.72019,54.87265],[9.85154,54.84899],[9.92238,54.85886],[9.96464,54.85002],[10.05031,54.80948],[10.0893,54.7472],[10.13674,54.71289],[10.13428,54.54642],[10.18934,54.5364],[10.28216,54.49421],[10.3436,54.49664],[10.45122,54.47761],[10.52754,54.44761],[10.66748,54.41321],[10.7409,54.37116],[10.90036,54.44163],[10.92033,54.52168],[10.99976,54.58226],[11.04375,54.59536],[11.0932,54.5957],[11.29069,54.56007],[11.31967,54.54491],[11.37649,54.4795],[11.41371,54.42536],[11.41479,54.38043],[11.36397,54.34656],[11.3265,54.33973],[11.22301,54.34495],[11.18266,54.31986],[11.2003,54.20694],[11.18309,54.16274],[11.02708,54.09345],[10.97488,54.05699],[11.02826,54.06944],[11.2059,54.07701],[11.30449,54.04134],[11.41438,54.08002],[11.47109,54.13405],[11.55274,54.16326],[11.63727,54.21045],[11.75815,54.21763],[11.84398,54.21017],[11.97373,54.23751],[12.06755,54.24532],[12.13663,54.29553],[12.25572,54.34117],[12.41777,54.5127],[12.47358,54.54087],[12.56293,54.542],[12.6255,54.51039],[12.66591,54.50537],[12.95575,54.50364],[13.01243,54.62876],[13.12472,54.66632],[13.19319,54.71292],[13.27131,54.73459],[13.41409,54.74624],[13.491,54.7356],[13.54454,54.68654],[13.53141,54.64192],[13.66544,54.64478],[13.77596,54.59079],[13.78347,54.52132],[13.75299,54.48174],[13.70438,54.45963],[13.75517,54.44171],[13.86958,54.36072],[13.86503,54.31546],[13.82817,54.29105],[13.82945,54.28556],[13.88286,54.30965],[13.96686,54.30875],[14.00623,54.29147],[14.03525,54.25037],[14.01052,54.20828],[13.92328,54.17969],[13.93407,54.15695],[14.09355,54.0971],[14.31219,53.96434],[14.32729,53.94199],[14.32036,53.84671],[14.28302,53.81672],[14.34981,53.78878],[14.38948,53.74891],[14.37896,53.71197],[14.39657,53.66513],[14.43016,53.63247],[14.42131,53.55915],[14.47635,53.4823],[14.55468,53.24914],[14.48624,53.17072],[14.49081,53.11661],[14.4522,53.03358],[14.34443,52.96118],[14.25567,52.93148],[14.26193,52.87836],[14.3396,52.83147],[14.42915,52.79713],[14.54875,52.70883],[14.67635,52.65521],[14.74567,52.58974],[14.72377,52.53054],[14.73902,52.49771],[14.7096,52.44655],[14.65099,52.40089],[14.65849,52.3594],[14.68796,52.32598],[14.74795,52.31311],[14.79644,52.27004],[14.80609,52.23096],[14.78834,52.14317],[14.82962,52.11134],[14.84746,52.06195],[14.80818,51.98277],[14.79984,51.91131],[14.73379,51.83366],[14.7611,51.76688],[14.83828,51.69252],[14.85194,51.62348],[14.83768,51.57881],[15.00107,51.53473],[15.06021,51.48352],[15.07995,51.44546],[15.08495,51.37055],[15.12931,51.33363],[15.14578,51.24356],[15.11196,51.19011],[15.08078,51.0604],[15.02026,50.95137],[14.92839,50.86636],[14.90415,50.80208],[14.84832,50.76651],[14.67018,50.76366],[14.54465,50.80158],[14.48607,50.87544],[14.42143,50.82802],[14.29617,50.80703],[14.1073,50.73966],[14.00328,50.72796],[13.98209,50.69969],[13.90252,50.65827],[13.8378,50.64787],[13.76221,50.65852],[13.64412,50.64704],[13.62477,50.60819],[13.53326,50.5434],[13.45604,50.52826],[13.40736,50.53835],[13.32155,50.50945],[13.26894,50.45008],[13.23264,50.43606],[13.13292,50.43388],[13.06548,50.37174],[13.00581,50.34802],[12.91553,50.33946],[12.83896,50.36753],[12.79958,50.3657],[12.74063,50.33283],[12.69884,50.32911],[12.63465,50.34414],[12.59943,50.33861],[12.5824,50.31063],[12.47075,50.24102],[12.4265,50.15227],[12.37147,50.11792],[12.43268,50.07895],[12.56433,50.03603],[12.60073,49.98607],[12.64226,49.9605],[12.65292,49.8815],[12.56102,49.75237],[12.61427,49.72944],[12.68682,49.59468],[12.74702,49.55518],[12.75361,49.48904],[12.84208,49.44555],[12.86159,49.42283],[12.96635,49.4179],[13.10909,49.35878],[13.21514,49.24128],[13.2703,49.21324],[13.28535,49.18937],[13.36358,49.17507],[13.48384,49.09903],[13.51281,49.03893],[13.63247,49.03317],[13.70029,49.00492],[13.73701,48.959],[13.81056,48.93799],[13.94334,48.78129],[13.91644,48.72244],[13.93108,48.62615],[13.91111,48.56628],[13.80197,48.46956],[13.71603,48.44541],[13.55664,48.49626],[13.53686,48.45753],[13.53888,48.40662],[13.48157,48.3238],[13.32149,48.23748],[13.08643,48.20139],[13.01739,48.15475],[12.94805,48.14134],[12.89165,48.1005],[12.93527,48.07187],[12.97175,48.01742],[13.03684,47.97296],[13.10894,47.85166],[13.07636,47.79018],[13.16873,47.73404],[13.21271,47.64735],[13.15668,47.52867],[13.15026,47.46241],[13.0853,47.41141],[13.01072,47.39287],[12.86394,47.43187],[12.70827,47.52304],[12.67622,47.56534],[12.68026,47.6041],[12.60841,47.56487],[12.51598,47.55646],[12.43163,47.57627],[12.37593,47.61499],[12.33197,47.61778],[12.30107,47.56131],[12.2528,47.53466],[11.94605,47.53864],[11.88483,47.50877],[11.70219,47.51574],[11.67283,47.47056],[11.62575,47.44553],[11.52738,47.43025],[11.49317,47.38963],[11.45516,47.37577],[11.38967,47.37481],[11.35183,47.33873],[11.27307,47.31798],[11.16123,47.33403],[11.11184,47.32423],[10.93324,47.32954],[10.88323,47.35838],[10.85127,47.40655],[10.63742,47.48323],[10.57498,47.46423],[10.57624,47.41561],[10.51667,47.33219],[10.46547,47.31049],[10.41043,47.25568],[10.27002,47.20148],[10.16929,47.19671],[10.1287,47.20234],[10.06786,47.24144],[10.05923,47.28748],[10.00977,47.31099],[9.99222,47.33502],[9.96217,47.41802],[9.8981,47.46123],[9.78722,47.47825],[9.74431,47.46878],[9.64801,47.47656],[9.51018,47.5238],[9.43369,47.58529],[9.27899,47.60819],[9.17359,47.5812],[9.12985,47.58468],[9.04907,47.62571],[9.00725,47.60421],[8.91297,47.58397],[8.85198,47.58771],[8.72395,47.62067],[8.68755,47.56945],[8.63663,47.53658],[8.44882,47.50002],[8.30716,47.50452],[8.21926,47.53965],[8.12993,47.49588],[7.95801,47.4775],[7.84275,47.50062],[7.69741,47.46454],[7.62866,47.46972],[7.59288,47.48589],[7.44886,47.60855],[7.4072,47.67948],[7.40702,47.7122],[7.4333,47.74585],[7.42259,47.78733],[7.45306,47.85138],[7.45623,47.90529],[7.49964,47.97749],[7.46508,48.01621],[7.47035,48.12662],[7.50641,48.19188],[7.56761,48.2562],[7.60241,48.33998],[7.62781,48.35874],[7.63123,48.4212],[7.66718,48.51397],[7.69531,48.54058],[7.70254,48.61339],[7.73828,48.66386],[7.85973,48.75025],[7.8788,48.79384],[8.00774,48.85597],[8.04583,48.92778],[7.91868,48.97135],[7.84175,48.9648],[7.7941,48.98079],[7.74332,48.97403],[7.59972,48.98744],[7.46908,49.0394],[7.4161,49.08489],[7.34242,49.05228],[7.29544,49.04456],[7.11922,49.05569],[7.06522,49.04214],[6.98327,49.0608],[6.9502,49.08581],[6.93813,49.11973],[6.86097,49.08299],[6.71123,49.09624],[6.67537,49.10716],[6.62278,49.15082],[6.55648,49.2431],[6.47338,49.31267],[6.43363,49.39206],[6.35309,49.39046],[6.27167,49.42037],[6.24712,49.46798],[6.25971,49.59257],[6.3187,49.65483],[6.34205,49.71156],[6.39459,49.74994],[6.24643,49.78042],[6.156,49.84646],[6.12834,49.88833],[6.07062,49.91845],[6.02635,49.97224],[5.99057,50.05988],[6.07451,50.26777],[6.13092,50.30614],[6.18549,50.32292],[6.23488,50.37138],[6.25086,50.42681],[6.18418,50.43848],[6.10025,50.48752],[6.06936,50.52995],[6.08058,50.58879],[6.05324,50.64871],[5.94961,50.67877],[5.86919,50.7617],[5.85628,50.8185],[5.93757,50.88722],[5.91388,50.91159],[5.86081,50.91596],[5.82373,50.93273],[5.798,50.97729]],[[7.77194,54.1598],[7.75852,54.21067],[7.81433,54.25041],[7.85786,54.25699],[7.95738,54.24867],[8.01881,54.21311],[8.01676,54.15532],[7.94489,54.1128],[7.85708,54.10957],[7.82395,54.11959],[7.77194,54.1598]]]}},{"type":"Feature","properties":{"role":"de-feather","step":3,"dist_merc_m":18000.0},"geometry":{"type":"Polygon","coordinates":[[[-179.9,-85.0],[179.9,-85.0],[179.9,85.0],[-179.9,85.0],[-179.9,-85.0]],[[5.74681,50.96595],[5.71048,51.03962],[5.71848,51.08345],[5.79186,51.13917],[5.89146,51.15545],[5.91994,51.17445],[5.92456,51.27626],[6.05336,51.40425],[6.06665,51.46748],[5.94994,51.55606],[5.93159,51.60296],[5.88396,51.65595],[5.82744,51.68797],[5.8043,51.72596],[5.80414,51.83649],[5.8272,51.87702],[5.8787,51.91335],[5.94948,51.92948],[6.02524,51.98046],[6.07755,51.99534],[6.19263,52.00284],[6.27692,51.97484],[6.34922,51.9675],[6.47038,51.96777],[6.55496,51.99411],[6.53487,52.05237],[6.54817,52.10678],[6.66144,52.19514],[6.76196,52.21893],[6.84056,52.26284],[6.86993,52.29213],[6.89039,52.34509],[6.67923,52.38128],[6.57401,52.43472],[6.5238,52.54183],[6.56698,52.66257],[6.62066,52.71062],[6.69049,52.73961],[6.78395,52.75411],[6.91191,52.75186],[6.94238,52.87991],[7.07014,52.98224],[7.0907,53.01542],[7.09054,53.07134],[7.06646,53.13619],[7.0885,53.17413],[7.0475,53.21764],[7.04611,53.23928],[6.94939,53.25145],[6.89303,53.2821],[6.83699,53.3582],[6.86273,53.48771],[6.80908,53.46736],[6.70101,53.46289],[6.54242,53.51367],[6.49356,53.54718],[6.47182,53.58051],[6.4721,53.61622],[6.49844,53.66374],[6.58987,53.70506],[6.69013,53.70643],[6.80468,53.75904],[7.04066,53.77964],[7.14845,53.81418],[7.29981,53.81515],[7.41808,53.84187],[7.58638,53.85138],[7.66799,53.87229],[7.78011,53.87166],[7.91033,53.88905],[8.06021,53.87624],[8.11605,53.85732],[8.15681,53.82471],[8.19257,53.8219],[8.20537,53.87179],[8.24177,53.90053],[8.32631,53.92579],[8.34062,53.96449],[8.3774,53.99479],[8.45936,54.02205],[8.43043,54.05454],[8.42683,54.09493],[8.45223,54.1325],[8.52758,54.16958],[8.60441,54.18223],[8.48084,54.22185],[8.44994,54.2459],[8.4212,54.28711],[8.42255,54.32848],[8.36845,54.34866],[8.29897,54.41863],[8.28805,54.45095],[8.30455,54.52279],[8.22949,54.55519],[8.13605,54.64345],[8.14493,54.70402],[8.11816,54.7557],[8.13912,54.92644],[8.23629,55.07379],[8.29377,55.12338],[8.34743,55.14069],[8.42326,55.14898],[8.52503,55.13117],[8.57953,55.10991],[8.61464,55.07794],[8.62451,55.04058],[8.60508,55.00229],[8.78506,55.00827],[8.99282,54.99289],[9.09942,54.96298],[9.29172,54.94059],[9.33077,54.92387],[9.42513,54.93213],[9.52957,54.97774],[9.59383,54.98117],[9.65531,54.96991],[9.73394,54.93807],[9.76916,54.89524],[9.84935,54.88273],[9.92982,54.88958],[9.9932,54.87633],[10.09782,54.82414],[10.13936,54.76253],[10.18691,54.72426],[10.19037,54.56952],[10.29914,54.52844],[10.48141,54.50354],[10.69941,54.43847],[10.74642,54.4147],[10.84556,54.46072],[10.87175,54.53523],[10.96478,54.60601],[11.03076,54.62565],[11.10495,54.62616],[11.31896,54.58667],[11.36242,54.56395],[11.42654,54.49112],[11.47529,54.4034],[11.46538,54.3696],[11.38915,54.31878],[11.33295,54.30853],[11.24007,54.30975],[11.25127,54.1769],[11.22784,54.14514],[11.16115,54.11],[11.21926,54.10763],[11.29592,54.07916],[11.37142,54.10427],[11.42844,54.15335],[11.61466,54.23906],[11.75653,54.24912],[11.83917,54.24265],[12.03722,54.27504],[12.10704,54.32181],[12.21399,54.36278],[12.37846,54.5341],[12.45051,54.56912],[12.50885,54.57792],[12.5687,54.57373],[12.67122,54.5367],[12.91906,54.53865],[12.94456,54.62083],[12.9699,54.64792],[13.09108,54.69434],[13.16493,54.73942],[13.26378,54.7654],[13.40656,54.77703],[13.46686,54.77538],[13.52191,54.76108],[13.57292,54.72836],[13.59635,54.67704],[13.68135,54.67457],[13.73774,54.65676],[13.82408,54.60486],[13.84332,54.54833],[13.83422,54.51079],[13.79537,54.46244],[13.89272,54.40072],[13.92629,54.34556],[13.98877,54.33747],[14.04115,54.31573],[14.07699,54.28446],[14.08043,54.21778],[14.05204,54.18817],[13.99977,54.16371],[14.13325,54.11848],[14.35759,53.98142],[14.38024,53.94791],[14.35986,53.82464],[14.42245,53.7872],[14.44269,53.75399],[14.44539,53.68036],[14.48278,53.63938],[14.47499,53.56157],[14.52672,53.49372],[14.5771,53.33108],[14.60292,53.29482],[14.60756,53.24288],[14.54401,53.16485],[14.54215,53.10676],[14.49834,53.01682],[14.38139,52.93754],[14.31293,52.91269],[14.31602,52.89393],[14.47303,52.81605],[14.58722,52.73214],[14.71141,52.68003],[14.7776,52.63067],[14.79897,52.5946],[14.7823,52.53121],[14.79291,52.497],[14.77768,52.45735],[14.71001,52.38904],[14.71308,52.36939],[14.73089,52.35173],[14.77956,52.33979],[14.84488,52.28451],[14.85945,52.25589],[14.84875,52.15229],[14.89914,52.09491],[14.90055,52.05623],[14.86223,51.9753],[14.86631,51.93818],[14.84737,51.89563],[14.7959,51.83321],[14.81261,51.77808],[14.88805,51.70534],[14.903,51.5937],[14.97184,51.58621],[15.03467,51.56093],[15.10844,51.4985],[15.1337,51.44798],[15.14046,51.38146],[15.17972,51.34555],[15.19962,51.2452],[15.16541,51.18249],[15.13251,51.05087],[15.07141,50.94067],[14.97754,50.85033],[14.95369,50.78865],[14.91985,50.75692],[14.86994,50.73527],[14.71674,50.72458],[14.64984,50.73208],[14.51101,50.77496],[14.46769,50.80965],[14.32522,50.77695],[14.13168,50.70923],[14.03774,50.6947],[13.92837,50.62828],[13.84588,50.61407],[13.75941,50.62272],[13.68187,50.61575],[13.64069,50.56321],[13.5673,50.51683],[13.51286,50.49831],[13.41885,50.50001],[13.35729,50.48025],[13.30542,50.42481],[13.25097,50.40377],[13.1671,50.39841],[13.09989,50.34528],[13.0202,50.31486],[12.9054,50.30566],[12.82531,50.33098],[12.75838,50.30034],[12.6957,50.29475],[12.63543,50.3048],[12.52229,50.22703],[12.4521,50.1171],[12.60192,50.06083],[12.68952,49.97716],[12.71218,49.91546],[12.70372,49.86988],[12.62822,49.76623],[12.65747,49.75026],[12.73439,49.61752],[12.79761,49.56723],[12.80752,49.5094],[12.89162,49.45866],[12.97307,49.45267],[13.05019,49.43233],[13.14685,49.38383],[13.25846,49.26526],[13.32137,49.22295],[13.44087,49.17958],[13.52389,49.12264],[13.55931,49.07449],[13.65445,49.06543],[13.73481,49.03207],[13.77959,48.98882],[13.84936,48.96256],[13.9804,48.82293],[13.99703,48.78441],[13.97147,48.7199],[13.98376,48.61861],[13.9617,48.55397],[13.84241,48.44593],[13.78417,48.41807],[13.7135,48.40969],[13.59205,48.44114],[13.58999,48.39525],[13.56394,48.3436],[13.51704,48.29681],[13.39214,48.22413],[13.30079,48.19456],[13.13466,48.1765],[13.04449,48.12366],[12.96829,48.10067],[13.02,48.03728],[13.0858,47.98806],[13.14801,47.89762],[13.16284,47.85137],[13.14647,47.80462],[13.21231,47.75536],[13.26626,47.65143],[13.2604,47.60774],[13.21187,47.52603],[13.19852,47.44618],[13.12122,47.38421],[13.06921,47.36306],[13.00936,47.35638],[12.95008,47.36511],[12.83937,47.39941],[12.74901,47.44788],[12.66249,47.50382],[12.6372,47.53507],[12.52094,47.52023],[12.4529,47.52583],[12.36631,47.56807],[12.32954,47.52827],[12.27456,47.50136],[12.20807,47.49206],[11.96774,47.502],[11.89881,47.4736],[11.83972,47.47048],[11.74436,47.48001],[11.69386,47.43354],[11.64811,47.41235],[11.5695,47.3993],[11.52772,47.36161],[11.4707,47.34081],[11.42191,47.33779],[11.32142,47.28627],[11.27265,47.28143],[10.91109,47.29622],[10.85506,47.32458],[10.81073,47.37497],[10.64591,47.44278],[10.55821,47.30891],[10.49985,47.27968],[10.44302,47.22653],[10.28925,47.16726],[10.16886,47.16007],[10.10797,47.16853],[10.05079,47.19566],[10.00452,47.2655],[9.94035,47.3251],[9.91201,47.39499],[9.86962,47.42166],[9.78393,47.43875],[9.62766,47.44282],[9.48662,47.49105],[9.38927,47.55709],[9.28019,47.56767],[9.17834,47.54497],[9.11273,47.5502],[9.04616,47.5785],[8.92354,47.54831],[8.83205,47.55392],[8.75232,47.57645],[8.72839,47.54571],[8.6626,47.50468],[8.46152,47.46462],[8.29843,47.46858],[8.22022,47.49411],[8.15098,47.46235],[8.03909,47.44791],[7.89646,47.4453],[7.84214,47.46014],[7.74752,47.43379],[7.67166,47.42785],[7.60824,47.43599],[7.55458,47.46026],[7.41096,47.58271],[7.35473,47.67117],[7.35447,47.72025],[7.37601,47.75014],[7.36877,47.78927],[7.40548,47.91745],[7.43852,47.97218],[7.40732,48.04419],[7.41659,48.12923],[7.57146,48.37007],[7.58006,48.43246],[7.64058,48.5513],[7.65373,48.62849],[7.68947,48.67894],[7.80873,48.76523],[7.83308,48.81264],[7.96555,48.88489],[7.97949,48.9125],[7.91248,48.9334],[7.61772,48.94582],[7.47534,48.99326],[7.40214,49.0402],[7.36692,49.02081],[7.29646,49.00923],[7.12994,49.01864],[7.06882,49.00687],[6.96401,49.0264],[6.91409,49.06069],[6.81648,49.04616],[6.69785,49.06204],[6.64405,49.07844],[6.60291,49.10642],[6.51186,49.2219],[6.42738,49.29436],[6.39776,49.35701],[6.28927,49.36825],[6.2301,49.39805],[6.19327,49.46948],[6.20773,49.60183],[6.30013,49.7331],[6.21351,49.75286],[6.02432,49.90068],[5.97519,49.96133],[5.93667,50.05986],[6.02657,50.28352],[6.09499,50.33179],[6.14391,50.34796],[6.18151,50.40222],[6.05996,50.46474],[6.01795,50.51966],[6.02104,50.58647],[6.00377,50.62416],[5.91011,50.65553],[5.82218,50.74501],[5.80203,50.78391],[5.80389,50.82652],[5.85802,50.88244],[5.78375,50.90994],[5.74681,50.96595]],[[7.72666,54.14268],[7.7027,54.1796],[7.70654,54.21899],[7.73751,54.25401],[7.79024,54.27857],[7.85554,54.28843],[7.97676,54.27804],[8.03239,54.25703],[8.06892,54.22473],[8.08021,54.18654],[8.06611,54.14262],[7.96747,54.08411],[7.90704,54.07547],[7.84104,54.0794],[7.79133,54.09443],[7.72666,54.14268]]]}},{"type":"Feature","properties":{"role":"de-feather","step":4,"dist_merc_m":24000.0},"geometry":{"type":"Polygon","coordinates":[[[-179.9,-85.0],[179.9,-85.0],[179.9,85.0],[-179.9,85.0],[-179.9,-85.0]],[[5.69561,50.9546],[5.65661,51.03836],[5.66743,51.09432],[5.70546,51.13711],[5.76527,51.16857],[5.86211,51.18682],[5.87334,51.28678],[6.00056,51.41354],[6.00938,51.45865],[5.90293,51.53966],[5.87852,51.59182],[5.78192,51.67008],[5.75106,51.72074],[5.75063,51.84051],[5.78139,51.89455],[5.84756,51.94048],[5.92575,51.96176],[5.99429,52.00763],[6.06403,52.02746],[6.20388,52.03528],[6.34711,52.00294],[6.46228,52.00363],[6.49139,52.01336],[6.48109,52.05025],[6.49733,52.11778],[6.54035,52.16229],[6.62578,52.2199],[6.73114,52.24866],[6.79995,52.28446],[6.82411,52.3234],[6.65069,52.35337],[6.52747,52.41814],[6.47047,52.53708],[6.47409,52.58648],[6.51622,52.67356],[6.57961,52.73177],[6.71548,52.77944],[6.86161,52.78749],[6.89174,52.89106],[7.03601,53.01999],[7.01296,53.1401],[7.02799,53.16598],[6.99483,53.21167],[6.92353,53.22314],[6.82005,53.28908],[6.78312,53.35718],[6.79613,53.43328],[6.69385,53.43107],[6.61846,53.44588],[6.5022,53.49232],[6.4478,53.53025],[6.41881,53.5747],[6.42419,53.63758],[6.45265,53.68058],[6.50505,53.71475],[6.57455,53.73564],[6.66257,53.7389],[6.78152,53.78781],[7.01985,53.81033],[7.13654,53.84521],[7.28069,53.84494],[7.47448,53.88199],[7.57445,53.88375],[7.65518,53.90315],[7.77224,53.90394],[7.91516,53.92068],[8.07722,53.90638],[8.154,53.87936],[8.20541,53.92397],[8.28087,53.95039],[8.29147,53.9775],[8.34052,54.01788],[8.38634,54.03731],[8.37364,54.10005],[8.40751,54.15012],[8.47331,54.18701],[8.38946,54.24543],[8.36674,54.311],[8.26927,54.37643],[8.23416,54.45038],[8.25117,54.5023],[8.18515,54.53741],[8.0839,54.63557],[8.0872,54.69841],[8.06431,54.757],[8.07376,54.88726],[8.09719,54.95431],[8.19591,55.09736],[8.25883,55.14683],[8.34927,55.1735],[8.42519,55.17975],[8.50013,55.17042],[8.61836,55.13129],[8.66517,55.08868],[8.67781,55.03776],[8.99874,55.02361],[9.11684,54.99422],[9.23699,54.98229],[9.3374,54.95876],[9.39954,54.96218],[9.51397,55.00734],[9.59964,55.01191],[9.68161,54.99691],[9.77404,54.95875],[9.81374,54.91908],[9.93726,54.92027],[10.02177,54.90261],[10.14533,54.8388],[10.23709,54.73563],[10.25167,54.68338],[10.24541,54.58905],[10.32007,54.55963],[10.4408,54.54752],[10.5116,54.52946],[10.74771,54.45671],[10.79394,54.47888],[10.82317,54.54877],[10.89758,54.61385],[11.01778,54.65593],[11.11669,54.6566],[11.21836,54.64347],[11.34722,54.61326],[11.40516,54.58298],[11.47659,54.50274],[11.52918,54.40384],[11.51597,54.35876],[11.47592,54.31939],[11.41434,54.29097],[11.29949,54.27877],[11.30382,54.1699],[11.27247,54.12747],[11.3036,54.11893],[11.38578,54.17265],[11.59204,54.26764],[11.67602,54.2792],[11.83435,54.2751],[12.0069,54.30473],[12.07744,54.34807],[12.17226,54.38437],[12.33915,54.55549],[12.42744,54.59735],[12.50523,54.60908],[12.59559,54.60155],[12.68283,54.56806],[12.87903,54.5697],[12.89359,54.63096],[12.92736,54.66707],[13.05384,54.71845],[13.13667,54.76591],[13.25624,54.79617],[13.47942,54.8056],[13.55282,54.78655],[13.60899,54.75328],[13.6435,54.70744],[13.69726,54.70433],[13.77246,54.68061],[13.87219,54.61892],[13.89711,54.55032],[13.86037,54.46679],[13.93465,54.42043],[13.97419,54.37089],[14.08051,54.3372],[14.12682,54.29645],[14.143,54.25226],[14.13141,54.20754],[14.09651,54.17114],[14.17294,54.13984],[14.40298,53.99851],[14.43319,53.95383],[14.42423,53.83357],[14.46891,53.80334],[14.4959,53.75907],[14.49421,53.69558],[14.53541,53.64628],[14.52962,53.56886],[14.57708,53.50514],[14.6294,53.33804],[14.66065,53.28598],[14.66043,53.23663],[14.60071,53.16122],[14.59349,53.09692],[14.54448,53.00005],[14.38483,52.90005],[14.51691,52.83496],[14.6257,52.75543],[14.74647,52.70485],[14.82378,52.64754],[14.85227,52.59945],[14.82936,52.44951],[14.76556,52.37958],[14.81117,52.36646],[14.89331,52.29897],[14.91274,52.26082],[14.90751,52.15844],[14.95176,52.10209],[14.95364,52.05051],[14.89291,51.87465],[14.85299,51.82826],[14.86543,51.78818],[14.93782,51.71815],[14.95708,51.62133],[15.06827,51.58712],[15.15667,51.51348],[15.18745,51.45051],[15.18987,51.39806],[15.23013,51.35746],[15.25345,51.24683],[15.18423,51.04135],[15.12256,50.92996],[15.02675,50.83466],[15.00323,50.77522],[14.95811,50.7329],[14.89156,50.70401],[14.71869,50.69047],[14.62949,50.70048],[14.47736,50.74832],[14.45624,50.76526],[14.35533,50.74765],[14.15605,50.67878],[14.07108,50.6631],[13.95422,50.59827],[13.85396,50.58024],[13.72473,50.58402],[13.60133,50.49025],[13.52875,50.46553],[13.42542,50.46382],[13.3954,50.45275],[13.3419,50.39952],[13.26929,50.37145],[13.19434,50.36429],[13.1147,50.30841],[13.03458,50.28168],[12.89527,50.27184],[12.83347,50.28941],[12.77613,50.26782],[12.6611,50.26561],[12.57393,50.21392],[12.53406,50.1524],[12.52667,50.12884],[12.63951,50.08562],[12.73678,49.99383],[12.76579,49.91903],[12.75451,49.85825],[12.69153,49.77607],[12.78011,49.63764],[12.84821,49.57928],[12.86142,49.52388],[12.92178,49.49217],[13.08263,49.46032],[13.1846,49.40886],[13.29472,49.2927],[13.35708,49.25416],[13.47471,49.207],[13.6009,49.108],[13.67644,49.09766],[13.76932,49.05921],[13.81875,49.0183],[13.88816,48.98711],[14.02854,48.83888],[14.05072,48.78753],[14.02728,48.715],[14.03644,48.61107],[14.01228,48.54165],[13.95392,48.47548],[13.88285,48.42229],[13.8052,48.38512],[13.71097,48.37394],[13.64123,48.3868],[13.61504,48.33222],[13.55251,48.26981],[13.42761,48.19708],[13.31867,48.16066],[13.15111,48.14161],[13.0431,48.08525],[13.13475,48.00315],[13.19696,47.91274],[13.21674,47.85108],[13.20418,47.81472],[13.2559,47.77668],[13.31982,47.65551],[13.31201,47.59725],[13.26709,47.52329],[13.24678,47.42994],[13.15715,47.357],[13.0878,47.32878],[13.00799,47.31987],[12.92895,47.33151],[12.81481,47.36692],[12.67511,47.44265],[12.60839,47.49366],[12.52591,47.48397],[12.43518,47.49145],[12.38188,47.51345],[12.29633,47.46803],[12.20767,47.45563],[11.99019,47.46589],[11.91278,47.4384],[11.76811,47.43938],[11.73147,47.40742],[11.67047,47.37916],[11.60158,47.36697],[11.56226,47.33358],[11.48625,47.30582],[11.44664,47.30337],[11.33725,47.25131],[11.27224,47.24486],[11.15005,47.25618],[10.98023,47.24998],[10.88895,47.26288],[10.81424,47.30072],[10.77005,47.34843],[10.67364,47.38705],[10.59975,47.28563],[10.53695,47.25161],[10.47561,47.19737],[10.30849,47.13302],[10.16842,47.12341],[10.08724,47.13469],[10.01282,47.16966],[9.97103,47.20926],[9.9541,47.24809],[9.92358,47.26707],[9.84074,47.38975],[9.6073,47.40905],[9.46306,47.45829],[9.36333,47.52236],[9.28704,47.53011],[9.18309,47.50872],[9.09562,47.51569],[9.04173,47.53696],[8.93411,47.51262],[8.81212,47.52011],[8.77818,47.53347],[8.68858,47.47277],[8.47422,47.42919],[8.34463,47.42651],[8.22647,47.45327],[8.17203,47.42879],[8.04526,47.41169],[7.97196,47.40521],[7.83825,47.42091],[7.69886,47.39162],[7.58782,47.40224],[7.51628,47.43462],[7.37305,47.55685],[7.30226,47.66286],[7.31495,47.79122],[7.35472,47.92961],[7.38268,47.96762],[7.35356,48.04681],[7.36283,48.13184],[7.51734,48.38269],[7.60491,48.64358],[7.65283,48.71002],[7.75898,48.78123],[7.78735,48.83143],[7.89167,48.89316],[7.59993,48.91239],[7.39517,48.99138],[7.29748,48.97387],[7.13355,48.98134],[7.07242,48.97158],[6.9991,48.97665],[6.9006,49.01844],[6.81049,49.01104],[6.68447,49.02782],[6.61274,49.04969],[6.55788,49.08703],[6.46692,49.20127],[6.38139,49.27603],[6.35738,49.32148],[6.26274,49.33769],[6.18852,49.37573],[6.15041,49.42042],[6.14409,49.52427],[6.15576,49.61108],[6.21421,49.68054],[6.22192,49.71158],[6.18058,49.72528],[5.97802,49.8829],[5.92403,49.95042],[5.88277,50.05984],[5.90788,50.15262],[5.97864,50.29927],[6.11776,50.38654],[6.01968,50.44194],[5.97518,50.49191],[5.95731,50.59827],[5.87061,50.63228],[5.77518,50.72832],[5.74902,50.77772],[5.75151,50.83454],[5.77931,50.87105],[5.74377,50.88714],[5.69561,50.9546]],[[7.68138,54.12555],[7.64943,54.17478],[7.65455,54.2273],[7.69585,54.27398],[7.76616,54.30671],[7.85322,54.31985],[7.99615,54.3074],[8.07032,54.27939],[8.11902,54.23634],[8.13407,54.18544],[8.11546,54.12993],[8.06943,54.09075],[7.99005,54.05539],[7.90948,54.04387],[7.82499,54.0492],[7.75872,54.06926],[7.68138,54.12555]]]}},{"type":"Feature","properties":{"role":"de-feather","step":5,"dist_merc_m":30000.0},"geometry":{"type":"Polygon","coordinates":[[[-179.9,-85.0],[179.9,-85.0],[179.9,85.0],[-179.9,85.0],[-179.9,-85.0]],[[5.64434,50.94377],[5.60275,51.0371],[5.61639,51.10518],[5.66392,51.15865],[5.73868,51.19796],[5.80533,51.21244],[5.82213,51.29729],[5.94776,51.42283],[5.95272,51.45194],[5.85592,51.52326],[5.82545,51.58068],[5.73639,51.65218],[5.69783,51.71552],[5.69713,51.84454],[5.73557,51.91206],[5.81643,51.96759],[5.89009,51.98763],[5.96333,52.03478],[6.05051,52.05955],[6.21512,52.06769],[6.31038,52.03997],[6.42829,52.03857],[6.44649,52.12877],[6.50026,52.18438],[6.59011,52.24465],[6.74872,52.30148],[6.62215,52.32543],[6.48092,52.40156],[6.41713,52.53233],[6.42166,52.59408],[6.46546,52.68455],[6.53856,52.75292],[6.65495,52.80118],[6.81095,52.81958],[6.84111,52.9022],[6.98132,53.02456],[6.95945,53.14401],[6.97076,53.16348],[6.95506,53.18558],[6.89768,53.19482],[6.77542,53.27102],[6.72925,53.35616],[6.73498,53.39836],[6.63801,53.40829],[6.533,53.43727],[6.40204,53.51332],[6.36581,53.56889],[6.37128,53.64367],[6.40685,53.69741],[6.47236,53.7401],[6.55923,53.76619],[6.64172,53.7714],[6.75836,53.81655],[6.99903,53.84099],[7.12463,53.87621],[7.26908,53.87663],[7.37365,53.89978],[7.5662,53.91585],[7.64238,53.93398],[7.91999,53.95228],[8.09423,53.9365],[8.13692,53.92205],[8.16906,53.9474],[8.23475,53.97115],[8.24232,53.99051],[8.32527,54.05106],[8.32045,54.10516],[8.36279,54.16774],[8.39444,54.18548],[8.34176,54.23077],[8.3143,54.29333],[8.21902,54.36507],[8.19846,54.39594],[8.18027,54.44982],[8.19152,54.49086],[8.07081,54.57836],[8.03175,54.62768],[8.01046,54.75829],[8.01991,54.88855],[8.04697,54.96556],[8.14815,55.11166],[8.22388,55.17028],[8.33221,55.20269],[8.42711,55.21049],[8.52079,55.19885],[8.65718,55.15265],[8.71569,55.09942],[8.72476,55.0651],[9.00467,55.05431],[9.34777,54.99203],[9.37395,54.99222],[9.49836,55.03691],[9.60546,55.04263],[9.70792,55.02388],[9.81415,54.97942],[9.84449,54.94912],[9.9447,54.95094],[10.05034,54.92888],[10.19285,54.85345],[10.28726,54.74699],[10.30549,54.68169],[10.30029,54.60579],[10.33996,54.5897],[10.4533,54.57792],[10.74272,54.49555],[10.79459,54.58643],[10.8626,54.63758],[11.00479,54.68618],[11.12843,54.68702],[11.37548,54.63983],[11.44791,54.602],[11.52664,54.51435],[11.58308,54.40428],[11.56656,54.34793],[11.51649,54.29869],[11.43952,54.26315],[11.35366,54.24747],[11.35886,54.19907],[11.56943,54.2962],[11.6744,54.31064],[11.82954,54.30753],[11.97733,54.33422],[12.13054,54.40596],[12.29984,54.57687],[12.40437,54.62556],[12.50161,54.64021],[12.61192,54.6313],[12.7059,54.59949],[12.83092,54.60054],[12.84261,54.64109],[12.88483,54.68621],[13.10841,54.79238],[13.2487,54.82693],[13.39148,54.83854],[13.49199,54.83579],[13.58374,54.812],[13.65394,54.77044],[13.68083,54.73594],[13.80717,54.70444],[13.92031,54.63298],[13.9509,54.55231],[13.92305,54.4691],[13.97658,54.44014],[14.01668,54.39691],[14.12433,54.35588],[14.17665,54.30844],[14.19687,54.25321],[14.16633,54.18055],[14.44838,54.01558],[14.48615,53.95976],[14.47875,53.84424],[14.51537,53.81947],[14.54911,53.76415],[14.5467,53.70853],[14.58803,53.65319],[14.58657,53.57553],[14.62745,53.51655],[14.68171,53.34499],[14.70878,53.30699],[14.71331,53.23038],[14.65585,53.15584],[14.62259,53.02679],[14.59062,52.98328],[14.46803,52.90012],[14.58529,52.839],[14.66417,52.77871],[14.78153,52.72965],[14.86996,52.6644],[14.90557,52.60431],[14.90068,52.49558],[14.8438,52.39237],[14.92691,52.33201],[14.96604,52.26576],[14.9571,52.18386],[15.00438,52.10926],[15.00673,52.04479],[14.94297,51.86232],[14.91021,51.82303],[14.9876,51.73096],[15.00884,51.64858],[15.10188,51.6133],[15.20489,51.52846],[15.24119,51.45303],[15.23925,51.411],[15.28054,51.36936],[15.30729,51.24846],[15.23596,51.03182],[15.15314,50.88899],[15.07596,50.81899],[15.05276,50.76178],[14.99637,50.70886],[14.91318,50.67273],[14.72065,50.65633],[14.60915,50.66885],[14.43559,50.7282],[14.38545,50.71834],[14.10046,50.63126],[13.98007,50.56824],[13.86204,50.54639],[13.75531,50.55061],[13.63537,50.46366],[13.54463,50.43274],[13.43807,50.4265],[13.37837,50.37422],[13.28762,50.33911],[13.2207,50.33271],[13.14912,50.28191],[13.04896,50.24848],[12.88514,50.23799],[12.83725,50.25162],[12.79388,50.23528],[12.67597,50.2282],[12.62551,50.20026],[12.59049,50.14529],[12.6771,50.1104],[12.78404,50.01049],[12.8194,49.9226],[12.8053,49.84662],[12.75217,49.77965],[12.82584,49.65775],[12.8988,49.59133],[12.91239,49.54174],[12.94233,49.52576],[13.11506,49.48829],[13.22235,49.43389],[13.33366,49.31861],[13.38901,49.28216],[13.50854,49.2344],[13.63413,49.13867],[13.69842,49.12987],[13.80384,49.08633],[13.85509,49.04394],[13.92696,49.01166],[14.07669,48.85483],[14.10441,48.79064],[14.08308,48.7101],[14.08911,48.60353],[14.06287,48.52933],[13.99187,48.4501],[13.92329,48.39863],[13.82622,48.35215],[13.70844,48.33816],[13.67774,48.34383],[13.58798,48.24279],[13.46308,48.17003],[13.33656,48.12673],[13.17875,48.10813],[13.12134,48.07384],[13.1837,48.01824],[13.24591,47.92785],[13.27064,47.85079],[13.26159,47.82459],[13.29948,47.79798],[13.34228,47.73727],[13.37338,47.65958],[13.36361,47.58676],[13.3369,47.55341],[13.29504,47.4137],[13.19307,47.32977],[13.10638,47.29448],[13.00662,47.28333],[12.90782,47.2979],[12.79025,47.33441],[12.58292,47.45676],[12.53087,47.44769],[12.41746,47.45704],[12.38829,47.4691],[12.31809,47.43469],[12.20727,47.41917],[12.00232,47.42767],[11.92676,47.40318],[11.79354,47.40048],[11.69284,47.34594],[11.63161,47.3351],[11.59681,47.30553],[11.47137,47.26893],[11.42701,47.24066],[11.35309,47.21633],[11.27182,47.20825],[11.15015,47.21951],[10.9809,47.21338],[10.86681,47.22952],[10.77342,47.27685],[10.73122,47.3222],[10.69797,47.33546],[10.6413,47.26233],[10.4862,47.15683],[10.32772,47.09876],[10.16798,47.08673],[10.0665,47.10084],[9.97486,47.14364],[9.88049,47.2451],[9.81186,47.35781],[9.58694,47.37527],[9.4395,47.4255],[9.32881,47.49057],[9.18784,47.47244],[9.0785,47.48116],[9.03837,47.49701],[8.94468,47.47691],[8.79468,47.48613],[8.71455,47.44084],[8.48691,47.39375],[8.33591,47.39052],[8.23264,47.41242],[8.19308,47.39521],[8.05142,47.37544],[7.97893,47.36902],[7.83406,47.38198],[7.69958,47.35512],[7.56741,47.36847],[7.47797,47.40896],[7.33515,47.53099],[7.26233,47.61862],[7.24979,47.65455],[7.26112,47.79316],[7.30397,47.94177],[7.32541,47.96497],[7.29981,48.04943],[7.30908,48.13445],[7.3328,48.19619],[7.41741,48.30183],[7.46331,48.39382],[7.55609,48.65868],[7.60478,48.72613],[7.71396,48.80127],[7.76865,48.86893],[7.58215,48.87894],[7.37826,48.95161],[7.2985,48.93848],[7.12908,48.94475],[7.07601,48.93627],[6.98437,48.94261],[6.88279,48.97942],[6.8045,48.9759],[6.67108,48.99357],[6.58143,49.02093],[6.51285,49.06762],[6.3191,49.28854],[6.22217,49.31228],[6.14695,49.35339],[6.09931,49.40927],[6.08557,49.47247],[6.10379,49.62034],[6.16282,49.69266],[6.03463,49.77751],[6.00655,49.81446],[5.93173,49.86511],[5.87286,49.93951],[5.82888,50.05983],[5.85525,50.16009],[5.9307,50.315],[6.02944,50.38514],[5.92376,50.48162],[5.90824,50.57291],[5.83111,50.60901],[5.72817,50.71162],[5.69602,50.77154],[5.71265,50.86032],[5.64434,50.94377]],[[7.6361,54.10841],[7.59616,54.16997],[7.60256,54.23562],[7.65419,54.29394],[7.74207,54.33484],[7.8509,54.35125],[8.01553,54.33673],[8.10824,54.30175],[8.16912,54.24795],[8.18794,54.18433],[8.16481,54.11723],[8.10727,54.06823],[8.01264,54.02665],[7.91193,54.01224],[7.80895,54.01898],[7.72611,54.04407],[7.6361,54.10841]]]}},{"type":"Feature","properties":{"role":"de-feather","step":6,"dist_merc_m":36000.0},"geometry":{"type":"Polygon","coordinates":[[[-179.9,-85.0],[179.9,-85.0],[179.9,85.0],[-179.9,85.0],[-179.9,-85.0]],[[5.59302,50.93323],[5.54889,51.03583],[5.56534,51.11604],[5.62238,51.18019],[5.71209,51.22733],[5.75552,51.23676],[5.77092,51.3078],[5.89496,51.43211],[5.89589,51.44402],[5.80891,51.50685],[5.74468,51.59975],[5.69087,51.63427],[5.64459,51.7103],[5.64363,51.84856],[5.68976,51.92957],[5.78529,51.99469],[5.85456,52.01352],[5.93238,52.06192],[6.03699,52.09162],[6.22637,52.10009],[6.3211,52.07253],[6.37937,52.06966],[6.39565,52.13975],[6.46018,52.20647],[6.55444,52.26939],[6.61854,52.29276],[6.54238,52.31703],[6.43438,52.38497],[6.3638,52.52759],[6.36923,52.60169],[6.4147,52.69554],[6.4975,52.77405],[6.63718,52.83194],[6.76936,52.85057],[6.79048,52.91334],[6.9267,53.03047],[6.91289,53.15986],[6.87183,53.16648],[6.75912,53.22789],[6.73078,53.25295],[6.67531,53.3682],[6.50699,53.40913],[6.35628,53.49638],[6.3128,53.56308],[6.31837,53.64976],[6.36106,53.71424],[6.43966,53.76544],[6.54391,53.79673],[6.62197,53.80165],[6.73519,53.84527],[6.97962,53.87171],[7.11273,53.90719],[7.2611,53.90887],[7.62958,53.96479],[7.88236,53.98194],[7.7929,53.98874],[7.6935,54.01886],[7.59083,54.09127],[7.54289,54.16516],[7.55057,54.24393],[7.61253,54.31389],[7.71798,54.36294],[7.84859,54.38262],[7.90413,54.37846],[8.03491,54.36604],[8.14617,54.32409],[8.21922,54.25956],[8.2418,54.18322],[8.21416,54.10452],[8.13603,54.0407],[8.03522,53.99789],[7.93076,53.98294],[8.12252,53.96278],[8.18823,53.99087],[8.27117,54.06647],[8.26726,54.11027],[8.32389,54.18861],[8.26168,54.27935],[8.16877,54.35372],[8.14821,54.3846],[8.12638,54.44926],[8.13483,54.48007],[8.02647,54.5606],[7.9796,54.6198],[7.95661,54.75959],[7.96606,54.88985],[7.99675,54.9768],[8.10039,55.12595],[8.18894,55.19371],[8.29626,55.22826],[8.42903,55.24121],[8.58701,55.21647],[8.69601,55.17401],[8.76912,55.09918],[9.01059,55.08498],[9.13893,55.05566],[9.35652,55.02532],[9.48276,55.06646],[9.61127,55.07332],[9.73423,55.05084],[9.85426,55.00007],[9.87593,54.97844],[9.95214,54.98158],[10.12669,54.93798],[10.24036,54.8681],[10.33744,54.75836],[10.35931,54.68],[10.35512,54.62166],[10.46579,54.60829],[10.7068,54.5411],[10.746,54.59996],[10.82762,54.66131],[10.99181,54.7164],[11.14017,54.71742],[11.24184,54.70431],[11.40374,54.66638],[11.49066,54.62101],[11.61391,54.47189],[11.63697,54.40472],[11.61399,54.33398],[11.67277,54.34206],[11.82472,54.33993],[11.95181,54.3628],[12.08881,54.42753],[12.26053,54.59824],[12.3813,54.65375],[12.49798,54.67132],[12.61768,54.66296],[12.72588,54.63088],[12.78591,54.63138],[12.84229,54.70535],[12.92061,54.74698],[13.11681,54.83184],[13.24116,54.85766],[13.38394,54.86927],[13.50455,54.86597],[13.61465,54.83743],[13.71816,54.76443],[13.84188,54.72826],[13.96843,54.64703],[14.00469,54.5543],[13.98485,54.47653],[14.0519,54.42385],[14.1637,54.37733],[14.22648,54.32042],[14.25075,54.25416],[14.23416,54.19013],[14.49378,54.03265],[14.5391,53.96568],[14.53327,53.85491],[14.56183,53.83559],[14.60232,53.76923],[14.60005,53.71689],[14.64066,53.66009],[14.64159,53.57765],[14.67781,53.52797],[14.73401,53.35194],[14.76651,53.29815],[14.76619,53.22412],[14.70932,53.14625],[14.6739,53.01685],[14.62252,52.95231],[14.54649,52.90176],[14.70264,52.80198],[14.81658,52.75443],[14.91614,52.68125],[14.95888,52.60916],[14.95457,52.49487],[14.90598,52.39682],[14.97534,52.34645],[15.01933,52.27069],[15.01124,52.18027],[15.05699,52.11643],[15.05982,52.03906],[14.99304,51.84999],[14.96742,51.8178],[15.03737,51.74377],[15.06075,51.66759],[15.13548,51.63946],[15.25312,51.54342],[15.29494,51.45555],[15.28874,51.42382],[15.33096,51.38127],[15.36113,51.25009],[15.28768,51.02229],[15.20311,50.87623],[15.12517,50.8033],[15.1023,50.74834],[15.03463,50.68481],[14.9348,50.64143],[14.7226,50.62217],[14.58881,50.63721],[14.41557,50.68901],[14.2048,50.61782],[14.14536,50.6078],[14.00593,50.53819],[13.89928,50.51532],[13.78076,50.5145],[13.66941,50.43705],[13.56052,50.39992],[13.46565,50.39342],[13.41485,50.34891],[13.30595,50.30675],[13.24705,50.30111],[13.18353,50.2554],[13.06334,50.21525],[12.87502,50.20412],[12.84103,50.2138],[12.6931,50.19213],[12.65948,50.15978],[12.7147,50.13516],[12.8313,50.02714],[12.87302,49.92618],[12.85609,49.83499],[12.81189,49.77609],[12.87156,49.67785],[12.94939,49.60338],[12.96122,49.56022],[13.1475,49.51624],[13.18783,49.49651],[13.2601,49.4589],[13.42093,49.31015],[13.54238,49.26179],[13.66736,49.16932],[13.7204,49.16206],[13.83835,49.11343],[13.89142,49.06956],[13.96577,49.03619],[14.12483,48.87077],[14.1581,48.79376],[14.1319,48.56577],[14.10566,48.50297],[14.02981,48.4247],[13.96373,48.37497],[13.84725,48.31916],[13.71073,48.30293],[13.62346,48.21576],[13.49856,48.14296],[13.39303,48.10185],[13.196,48.0688],[13.29486,47.94297],[13.319,47.83449],[13.39442,47.74645],[13.42694,47.66366],[13.41522,47.57627],[13.38756,47.54173],[13.34329,47.39745],[13.22899,47.30252],[13.12497,47.26015],[13.00525,47.24676],[12.88669,47.26426],[12.76569,47.30189],[12.56487,47.41758],[12.53583,47.41138],[12.3908,47.42631],[12.33985,47.40132],[12.20686,47.38269],[12.0092,47.39014],[11.94074,47.36794],[11.8172,47.36207],[11.45763,47.21053],[11.36893,47.18133],[11.2714,47.17163],[11.15024,47.18281],[10.98158,47.17676],[10.84467,47.19614],[10.71032,47.27446],[10.68284,47.23902],[10.51879,47.12763],[10.34695,47.06447],[10.16754,47.05002],[10.04577,47.06696],[9.93689,47.11761],[9.8374,47.22312],[9.77228,47.32521],[9.56658,47.34146],[9.46302,47.38495],[9.41594,47.39269],[9.30251,47.45461],[9.19259,47.43613],[9.03501,47.45703],[8.95524,47.44118],[8.8151,47.44979],[8.74052,47.40888],[8.49961,47.35827],[8.32718,47.3545],[8.23881,47.37154],[8.05758,47.33917],[7.9859,47.33281],[7.83657,47.34325],[7.7003,47.3186],[7.54699,47.33467],[7.43967,47.38329],[7.29724,47.50511],[7.20987,47.6103],[7.19733,47.64623],[7.2073,47.7951],[7.26496,47.96662],[7.24605,48.05204],[7.25532,48.13707],[7.28379,48.21113],[7.36722,48.31667],[7.40957,48.39986],[7.50727,48.67376],[7.55673,48.74223],[7.6786,48.8384],[7.52857,48.85371],[7.36591,48.914],[7.29952,48.90307],[6.96964,48.90855],[6.86244,48.94361],[6.79851,48.94073],[6.6577,48.9593],[6.55012,48.99215],[6.46782,49.04821],[6.27785,49.26123],[6.19564,49.28168],[6.10537,49.33104],[6.0482,49.39812],[6.03172,49.47397],[6.05182,49.62959],[6.09122,49.68707],[5.88543,49.84732],[5.8217,49.9286],[5.77498,50.05981],[5.80263,50.16755],[5.88276,50.33074],[5.95146,50.38745],[5.87235,50.47132],[5.84917,50.55778],[5.7916,50.58574],[5.68117,50.69492],[5.64301,50.76535],[5.65076,50.85584],[5.59302,50.93323]]]}},{"type":"Feature","properties":{"role":"de-feather","step":7,"dist_merc_m":42000.0},"geometry":{"type":"Polygon","coordinates":[[[-179.9,-85.0],[179.9,-85.0],[179.9,85.0],[-179.9,85.0],[-179.9,-85.0]],[[5.5417,50.92268],[5.49503,51.03457],[5.5143,51.12691],[5.58084,51.20171],[5.70737,51.26143],[5.71971,51.3183],[5.83511,51.4341],[5.76191,51.49043],[5.69734,51.58298],[5.64535,51.61636],[5.59135,51.70508],[5.59012,51.85258],[5.64394,51.94708],[5.75415,52.02177],[5.82352,52.04062],[5.90142,52.08904],[6.02347,52.12366],[6.23762,52.13245],[6.3342,52.10506],[6.34481,52.15074],[6.42009,52.22855],[6.51302,52.28959],[6.38784,52.36837],[6.31047,52.52284],[6.31681,52.60929],[6.34962,52.6534],[6.36394,52.70652],[6.45645,52.79518],[6.61941,52.86267],[6.72593,52.87853],[6.73984,52.92448],[6.87301,53.04224],[6.85479,53.13669],[6.68614,53.23488],[6.62675,53.34446],[6.48098,53.38099],[6.38156,53.42822],[6.31052,53.47943],[6.2598,53.55728],[6.26546,53.65586],[6.31526,53.73105],[6.40697,53.79076],[6.52859,53.82724],[6.60221,53.83188],[6.71203,53.87397],[6.96243,53.90256],[7.10082,53.93814],[7.25311,53.94109],[7.65507,53.99733],[7.54555,54.07412],[7.48962,54.16034],[7.49858,54.25224],[7.57087,54.33384],[7.6939,54.39102],[7.84627,54.41397],[8.0543,54.39533],[8.09578,54.3797],[8.07813,54.46928],[7.98213,54.54282],[7.92745,54.61192],[7.90276,54.76089],[7.91221,54.89114],[7.94654,54.98803],[8.05263,55.14023],[8.15399,55.21712],[8.2792,55.25741],[8.43095,55.27191],[8.60767,55.24486],[8.73483,55.19536],[8.8092,55.12775],[9.01652,55.11563],[9.15189,55.08473],[9.34349,55.05781],[9.46715,55.096],[9.61708,55.10398],[9.76053,55.07778],[9.90515,55.00996],[9.95958,55.0122],[10.15526,54.96423],[10.28787,54.88274],[10.38761,54.76971],[10.41054,54.64799],[10.47828,54.63865],[10.67353,54.58233],[10.79264,54.68502],[10.97882,54.74661],[11.15192,54.74779],[11.25359,54.73469],[11.43201,54.69291],[11.53341,54.64001],[11.62673,54.53757],[11.69087,54.40516],[11.68162,54.37363],[11.81837,54.37198],[11.92629,54.39135],[12.04708,54.44909],[12.22122,54.61959],[12.35823,54.68192],[12.49436,54.70241],[12.63401,54.69266],[12.74145,54.6622],[12.79976,54.72447],[12.89113,54.77302],[13.08855,54.85826],[13.23362,54.88837],[13.3764,54.89997],[13.51711,54.89612],[13.64556,54.86285],[13.7578,54.78947],[13.9227,54.72965],[14.01655,54.66108],[14.05625,54.57656],[14.04208,54.48861],[14.09173,54.44581],[14.20306,54.39877],[14.27631,54.3324],[14.30462,54.25511],[14.29141,54.20413],[14.53918,54.04971],[14.59205,53.9716],[14.58779,53.86557],[14.65553,53.77431],[14.6533,53.72291],[14.69328,53.66699],[14.69628,53.57845],[14.72818,53.53937],[14.78631,53.35889],[14.81944,53.30423],[14.81906,53.21786],[14.76017,53.1338],[14.7252,53.0069],[14.66866,52.93552],[14.62233,52.90471],[14.74112,52.82523],[14.85164,52.7792],[14.96232,52.6981],[15.01218,52.61401],[15.00845,52.49416],[14.97046,52.3996],[15.02378,52.3609],[15.07262,52.27562],[15.06676,52.18339],[15.10961,52.1236],[15.11291,52.03334],[15.02924,51.81715],[15.08714,51.75657],[15.1116,51.68584],[15.16908,51.66561],[15.30135,51.55839],[15.34869,51.45808],[15.34346,51.43136],[15.38137,51.39317],[15.41496,51.25172],[15.33941,51.01276],[15.25307,50.86348],[15.17439,50.78762],[15.15183,50.7349],[15.07288,50.66075],[14.95642,50.61011],[14.72456,50.58799],[14.56846,50.60554],[14.42496,50.65363],[14.22918,50.58731],[14.15382,50.57229],[14.03178,50.50813],[13.90736,50.48143],[13.80814,50.48017],[13.70344,50.41042],[13.57641,50.36708],[13.49453,50.36146],[13.45133,50.32358],[13.32427,50.27436],[13.27341,50.26949],[13.21794,50.22887],[13.07772,50.182],[12.84481,50.17595],[12.74542,50.16262],[12.87856,50.04378],[12.92303,49.95214],[12.90688,49.82336],[12.86788,49.77803],[13.00704,49.58968],[13.17993,49.54418],[13.29785,49.4839],[13.45285,49.33812],[13.53277,49.31201],[13.70058,49.19995],[13.74238,49.19424],[13.87287,49.14052],[13.92776,49.09517],[14.00457,49.0607],[14.17298,48.8867],[14.21179,48.79688],[14.18458,48.55822],[14.15625,48.49064],[14.06775,48.39929],[14.00417,48.3513],[13.86828,48.28615],[13.74131,48.27105],[13.65893,48.18871],[13.53403,48.11587],[13.41092,48.06788],[13.27984,48.05012],[13.34382,47.95807],[13.37717,47.84656],[13.44656,47.75562],[13.4805,47.66773],[13.46682,47.56577],[13.43823,47.53005],[13.39155,47.38119],[13.26491,47.27527],[13.14355,47.22581],[13.00389,47.21017],[12.86557,47.2306],[12.74113,47.26934],[12.54901,47.37681],[12.39983,47.38669],[12.36161,47.36794],[12.20646,47.34619],[12.01608,47.35258],[11.95472,47.33267],[11.83906,47.32654],[11.73756,47.27944],[11.69165,47.2713],[11.6659,47.2494],[11.38477,47.1463],[11.27099,47.13497],[11.15034,47.14609],[10.98226,47.14011],[10.82253,47.16274],[10.72137,47.21406],[10.57339,47.10979],[10.36618,47.03016],[10.16711,47.01328],[10.02504,47.03306],[9.90441,47.08787],[9.82579,47.16096],[9.73128,47.28917],[9.54623,47.30763],[9.44291,47.35155],[9.39238,47.35987],[9.2871,47.41593],[9.19734,47.39981],[9.03165,47.41702],[8.96581,47.40542],[8.83329,47.41357],[8.76649,47.37691],[8.51231,47.32278],[8.31846,47.31845],[8.24469,47.33073],[8.06375,47.30287],[7.84389,47.30514],[7.70103,47.28205],[7.52657,47.30086],[7.40137,47.35761],[7.27531,47.4605],[7.1574,47.60198],[7.14426,47.75245],[7.20572,47.9696],[7.19229,48.05466],[7.20156,48.13968],[7.23477,48.22607],[7.35583,48.4059],[7.45845,48.68885],[7.50868,48.75833],[7.58054,48.81066],[7.51078,48.82022],[7.35445,48.87652],[7.08321,48.86556],[6.95491,48.87446],[6.84872,48.90806],[6.79252,48.90553],[6.64432,48.92501],[6.51881,48.96336],[6.4228,49.02879],[6.35297,49.11977],[6.23659,49.23391],[6.16911,49.25107],[6.0638,49.30868],[5.9971,49.38697],[5.97787,49.47547],[5.99984,49.63884],[6.02914,49.68053],[5.83914,49.82952],[5.77054,49.91769],[5.72108,50.05979],[5.75,50.17501],[5.83483,50.34647],[5.88559,50.38836],[5.82093,50.46102],[5.79911,50.53961],[5.7521,50.56245],[5.63416,50.67821],[5.59001,50.75917],[5.59405,50.85139],[5.5417,50.92268]]]}},{"type":"Feature","properties":{"role":"de-feather","step":8,"dist_merc_m":48000.0},"geometry":{"type":"Polygon","coordinates":[[[-179.9,-85.0],[179.9,-85.0],[179.9,85.0],[-179.9,85.0],[-179.9,-85.0]],[[5.49038,50.91213],[5.44117,51.03331],[5.46325,51.13776],[5.5393,51.22323],[5.65882,51.28597],[5.6685,51.3288],[5.76783,51.43327],[5.7149,51.47401],[5.65,51.56621],[5.59982,51.59844],[5.53812,51.69986],[5.53662,51.85661],[5.59813,51.96457],[5.72301,52.04883],[5.79248,52.0677],[5.87046,52.11614],[6.00995,52.15568],[6.24886,52.1648],[6.29179,52.15234],[6.38,52.25061],[6.44329,52.28757],[6.3413,52.35177],[6.25714,52.51809],[6.26438,52.61688],[6.29837,52.66257],[6.31318,52.7175],[6.4154,52.81629],[6.60164,52.89338],[6.68031,52.90624],[6.68921,52.93562],[6.81518,53.05098],[6.80478,53.11811],[6.6415,53.21679],[6.58666,53.31804],[6.45497,53.35282],[6.34135,53.40683],[6.26477,53.46248],[6.2068,53.55147],[6.21255,53.66195],[6.26947,53.74787],[6.37427,53.81606],[6.51328,53.85773],[6.58246,53.86208],[6.68887,53.90266],[6.82732,53.9258],[6.94525,53.93339],[7.08891,53.96907],[7.25085,53.97301],[7.55414,54.01546],[7.50027,54.05696],[7.43636,54.15553],[7.4466,54.26055],[7.52921,54.35377],[7.66981,54.41909],[7.84395,54.44529],[8.02499,54.42922],[8.02144,54.45848],[7.9378,54.52504],[7.8753,54.60403],[7.8489,54.76219],[7.85835,54.89244],[7.89632,54.99927],[7.98521,55.1298],[8.01654,55.16725],[8.11905,55.24053],[8.26214,55.28653],[8.43287,55.30259],[8.62832,55.27322],[8.77366,55.21669],[8.83974,55.15666],[9.02244,55.14626],[9.16484,55.11378],[9.33981,55.09103],[9.45154,55.1255],[9.62289,55.13463],[9.78684,55.1047],[9.93424,55.04145],[9.96702,55.0428],[10.18383,54.99046],[10.35705,54.87412],[10.38602,54.82583],[10.43779,54.78107],[10.46654,54.67232],[10.64854,54.62663],[10.78988,54.72459],[10.96584,54.77679],[11.16366,54.77814],[11.26533,54.76505],[11.46027,54.71943],[11.57616,54.65901],[11.67678,54.54918],[11.714,54.49513],[11.74457,54.40614],[11.81019,54.40363],[11.90078,54.41989],[12.00536,54.47065],[12.18191,54.64094],[12.33516,54.71007],[12.49074,54.73347],[12.65034,54.72233],[12.71878,54.70255],[12.75723,54.74358],[13.02362,54.87168],[13.22608,54.91905],[13.36886,54.93064],[13.52968,54.92625],[13.67648,54.88826],[13.79984,54.81093],[13.95741,54.75345],[14.06467,54.67513],[14.11004,54.57855],[14.09842,54.50114],[14.13267,54.46656],[14.24243,54.4202],[14.32614,54.34438],[14.3585,54.25606],[14.34784,54.21493],[14.58458,54.06676],[14.645,53.97751],[14.64231,53.87623],[14.70874,53.77938],[14.70655,53.72893],[14.74591,53.6739],[14.75097,53.57926],[14.77854,53.55078],[14.83862,53.36584],[14.87237,53.31031],[14.87194,53.21161],[14.81145,53.1228],[14.7765,52.99695],[14.6988,52.90808],[14.74292,52.86847],[14.8867,52.80396],[15.0085,52.71494],[15.06548,52.61887],[15.06234,52.49345],[15.03034,52.40573],[15.08705,52.35677],[15.12591,52.28055],[15.12214,52.18669],[15.16223,52.13076],[15.166,52.02762],[15.09067,51.82145],[15.13692,51.76937],[15.159,51.70551],[15.20269,51.69174],[15.34958,51.57335],[15.40243,51.4606],[15.39819,51.43891],[15.43178,51.40506],[15.4688,51.25335],[15.39113,51.00322],[15.30304,50.85072],[15.22352,50.77145],[15.20137,50.72146],[15.11114,50.63668],[14.97804,50.57877],[14.82072,50.55595],[14.72651,50.55378],[14.54812,50.57386],[14.42627,50.61634],[14.25355,50.55678],[14.18516,50.54521],[14.05763,50.47804],[13.91544,50.4475],[13.83552,50.44582],[13.73748,50.38378],[13.5923,50.33422],[13.52342,50.32949],[13.4878,50.29824],[13.3426,50.24196],[13.30098,50.23797],[13.25235,50.20232],[13.0921,50.14872],[12.83868,50.13676],[12.92582,50.06042],[12.97664,49.9557],[12.95767,49.81172],[12.92499,49.77832],[13.05436,49.61366],[13.21237,49.57211],[13.3356,49.50888],[13.48478,49.36607],[13.5666,49.33936],[13.73381,49.23056],[13.90738,49.1676],[13.9641,49.12076],[14.04337,49.08521],[14.09816,49.04275],[14.22113,48.90263],[14.26549,48.8],[14.23726,48.55067],[14.20683,48.47831],[14.1057,48.37387],[14.04461,48.32761],[13.88931,48.25312],[13.77189,48.23914],[13.6944,48.16165],[13.5695,48.08877],[13.4288,48.03389],[13.35922,48.0219],[13.53406,47.67181],[13.51843,47.55527],[13.48961,47.51928],[13.43981,47.36494],[13.30083,47.248],[13.16214,47.19144],[13.00252,47.17356],[12.77337,47.21703],[12.52729,47.34022],[12.41402,47.34958],[12.38337,47.33453],[12.20606,47.30965],[12.04168,47.3164],[11.9687,47.29738],[11.85753,47.29148],[11.40061,47.11125],[11.27057,47.0983],[11.15043,47.10934],[10.98293,47.10344],[10.80039,47.12932],[10.72255,47.16884],[10.58397,47.06919],[10.38541,46.99583],[10.16667,46.97652],[10.0043,46.99914],[9.86644,47.06182],[9.77737,47.14486],[9.69772,47.25251],[9.52587,47.27378],[9.4228,47.31813],[9.36882,47.32702],[9.27401,47.37754],[9.20209,47.36345],[8.85147,47.37733],[8.79246,47.34492],[8.525,47.28726],[8.30973,47.28238],[8.24195,47.29271],[7.99984,47.26032],[7.85575,47.26861],[7.70175,47.24548],[7.50616,47.26702],[7.36307,47.33191],[7.22781,47.44327],[7.10493,47.59366],[7.0917,47.7605],[7.15132,47.97625],[7.13854,48.05728],[7.14781,48.14229],[7.18576,48.24101],[7.30212,48.41199],[7.40963,48.70392],[7.48326,48.7909],[7.3489,48.83998],[7.08681,48.83017],[6.94018,48.84034],[6.8382,48.87264],[6.63094,48.89069],[6.48749,48.93455],[6.37777,49.00936],[6.30659,49.10186],[6.19533,49.20656],[6.14258,49.22043],[6.02222,49.28631],[5.946,49.37581],[5.92402,49.47697],[5.94787,49.64809],[5.96817,49.67319],[5.79284,49.81171],[5.71937,49.90677],[5.66718,50.05978],[5.69738,50.18247],[5.78689,50.36219],[5.8223,50.3914],[5.76952,50.45072],[5.74944,50.52124],[5.7126,50.53915],[5.58716,50.66149],[5.537,50.75298],[5.54095,50.84297],[5.49038,50.91213]]]}},{"type":"Feature","properties":{"role":"de-feather","step":9,"dist_merc_m":54000.0},"geometry":{"type":"Polygon","coordinates":[[[-179.9,-85.0],[179.9,-85.0],[179.9,85.0],[-179.9,85.0],[-179.9,-85.0]],[[5.43906,50.90158],[5.38731,51.03205],[5.4122,51.14862],[5.49776,51.24473],[5.60863,51.3029],[5.61729,51.33931],[5.69945,51.43329],[5.66789,51.45758],[5.63134,51.52154],[5.5543,51.58051],[5.48488,51.69464],[5.48312,51.86063],[5.49928,51.8963],[5.55978,51.98949],[5.69187,52.07588],[5.76144,52.09476],[5.83951,52.14323],[6.03721,52.19416],[6.2653,52.19562],[6.33992,52.27266],[6.37126,52.28699],[6.29476,52.33516],[6.20381,52.51334],[6.21195,52.62448],[6.24712,52.67173],[6.26242,52.72848],[6.37435,52.8374],[6.58386,52.92406],[6.63469,52.93393],[6.76056,53.06207],[6.75419,53.10323],[6.59686,53.1987],[6.54545,53.29366],[6.42896,53.32463],[6.30114,53.38543],[6.21901,53.44552],[6.15379,53.54566],[6.15964,53.66804],[6.22367,53.76467],[6.34158,53.84135],[6.49796,53.88819],[6.56271,53.89227],[6.6657,53.93132],[6.82147,53.95734],[6.92807,53.96419],[7.07701,53.99998],[7.2612,54.0056],[7.45534,54.03947],[7.38309,54.15071],[7.39461,54.26886],[7.48754,54.3737],[7.64573,54.44714],[7.84163,54.47659],[7.93972,54.46838],[7.82315,54.59614],[7.79505,54.76349],[7.8045,54.89373],[7.84611,55.0105],[7.935,55.141],[7.96879,55.18152],[8.0841,55.26392],[8.24508,55.31564],[8.43479,55.33324],[8.64898,55.30157],[8.81248,55.23801],[8.87028,55.18554],[9.02836,55.17686],[9.17779,55.1428],[9.33443,55.1237],[9.43594,55.15499],[9.62871,55.16525],[9.81314,55.1316],[9.9497,55.07236],[10.16461,55.03379],[10.21239,55.01667],[10.3829,54.91201],[10.4348,54.83837],[10.48796,54.79242],[10.51479,54.69636],[10.63421,54.66601],[10.7549,54.74827],[10.95285,54.80695],[11.1754,54.80847],[11.27707,54.79539],[11.48853,54.74593],[11.61891,54.67799],[11.72683,54.56078],[11.78843,54.43581],[11.87526,54.4484],[11.96363,54.49219],[12.1426,54.66227],[12.31209,54.7382],[12.48711,54.76451],[12.6971,54.74393],[12.83217,54.82504],[12.99536,54.89808],[13.21855,54.94971],[13.36133,54.96129],[13.54224,54.95636],[13.70739,54.91364],[13.84105,54.83264],[13.99212,54.77724],[14.11279,54.68916],[14.16383,54.58054],[14.15359,54.50884],[14.17362,54.4873],[14.28179,54.44161],[14.37597,54.35635],[14.41237,54.25701],[14.40423,54.22562],[14.62998,54.08381],[14.69795,53.98343],[14.69747,53.88646],[14.76195,53.78446],[14.7598,53.73495],[14.79853,53.6808],[14.8042,53.58534],[14.82891,53.56218],[14.89092,53.37279],[14.92529,53.31639],[14.92482,53.20535],[14.86292,53.11446],[14.8278,52.987],[14.76482,52.9058],[14.92176,52.8287],[15.05468,52.73177],[15.11879,52.62372],[15.11623,52.49274],[15.09013,52.41191],[15.13549,52.37121],[15.17921,52.28548],[15.17753,52.19],[15.21485,52.13793],[15.21909,52.02189],[15.14885,51.8283],[15.18669,51.78217],[15.20578,51.72701],[15.25647,51.70431],[15.39781,51.5883],[15.45292,51.44645],[15.4822,51.41696],[15.52263,51.25499],[15.44286,50.99369],[15.3857,50.91352],[15.37833,50.87641],[15.27281,50.75623],[15.25091,50.70801],[15.1494,50.61259],[14.99966,50.54741],[14.82268,50.52172],[14.72847,50.51954],[14.52777,50.54215],[14.42759,50.57902],[14.27793,50.52622],[14.21591,50.51575],[14.08348,50.44793],[13.92352,50.41356],[13.8551,50.41162],[13.77151,50.35712],[13.60819,50.30133],[13.55231,50.29749],[13.52428,50.27289],[13.32977,50.20654],[13.28677,50.17576],[13.10649,50.11542],[12.93665,50.10476],[12.97308,50.07706],[13.03385,49.93689],[13.00847,49.80008],[12.98429,49.77537],[13.10168,49.63764],[13.2448,49.60002],[13.37336,49.53386],[13.5167,49.39401],[13.60044,49.36669],[13.76704,49.26115],[13.9419,49.19466],[14.00044,49.14634],[14.08218,49.10971],[14.14151,49.06374],[14.26927,48.91855],[14.31918,48.80312],[14.28994,48.54312],[14.25742,48.46597],[14.14364,48.34843],[14.08505,48.30391],[13.91033,48.22006],[13.80247,48.20721],[13.72987,48.13457],[13.60497,48.06166],[13.43554,47.99726],[13.47688,47.87878],[13.55085,47.77397],[13.58761,47.67588],[13.57003,47.54477],[13.53872,47.50291],[13.48807,47.34867],[13.33675,47.22071],[13.18072,47.15704],[13.00115,47.13692],[12.7488,47.18444],[12.50174,47.30636],[12.42821,47.31244],[12.20565,47.2731],[12.03958,47.2797],[11.98268,47.26206],[11.87601,47.2564],[11.41645,47.07617],[11.27016,47.06159],[11.15053,47.07257],[10.98361,47.06674],[10.77824,47.09588],[10.73086,47.11995],[10.61656,47.03994],[10.40464,46.96148],[10.16623,46.93973],[9.98357,46.9652],[9.82847,47.03575],[9.72896,47.12874],[9.66242,47.21984],[9.50551,47.23991],[9.40269,47.28469],[9.34526,47.29415],[9.26221,47.33843],[9.20684,47.32707],[8.86965,47.34105],[8.81843,47.31291],[8.5377,47.25171],[8.36191,47.24511],[8.2355,47.25587],[8.00682,47.22403],[7.86761,47.23205],[7.70247,47.20888],[7.48574,47.23316],[7.32476,47.30621],[7.18032,47.42603],[7.05246,47.58534],[7.03915,47.76854],[7.09806,47.97577],[7.08478,48.05989],[7.09405,48.1449],[7.13675,48.25594],[7.24904,48.4191],[7.36082,48.719],[7.40659,48.78275],[7.34335,48.80342],[7.14792,48.80397],[7.09041,48.79476],[6.92545,48.80621],[6.82769,48.83719],[6.61756,48.85635],[6.45618,48.90572],[6.33274,48.98992],[6.26021,49.08394],[6.1567,49.17862],[5.98065,49.26393],[5.8949,49.36465],[5.87017,49.47847],[5.90258,49.6656],[5.74654,49.7939],[5.66821,49.89585],[5.61328,50.05976],[5.64475,50.18993],[5.75901,50.39445],[5.71811,50.44042],[5.69977,50.50286],[5.54015,50.64477],[5.484,50.7468],[5.48785,50.83456],[5.43906,50.90158]]]}},{"type":"Feature","properties":{"role":"de-feather","step":10,"dist_merc_m":60000.0},"geometry":{"type":"Polygon","coordinates":[[[-179.9,-85.0],[179.9,-85.0],[179.9,85.0],[-179.9,85.0],[-179.9,-85.0]],[[5.38774,50.89103],[5.33344,51.03078],[5.36116,51.15947],[5.45622,51.26623],[5.55844,51.31984],[5.56608,51.3498],[5.63585,51.42962],[5.58392,51.50586],[5.50878,51.56257],[5.43164,51.68942],[5.42961,51.86465],[5.4475,51.90553],[5.51397,52.00697],[5.66073,52.10291],[5.7304,52.1218],[5.80855,52.1703],[6.02369,52.22613],[6.24236,52.2354],[6.29462,52.28933],[6.24822,52.31855],[6.15048,52.50859],[6.15953,52.63208],[6.19587,52.6809],[6.21166,52.73945],[6.3333,52.85849],[6.58965,52.95969],[6.70595,53.07316],[6.7036,53.08834],[6.55222,53.1806],[6.50465,53.26851],[6.40295,53.29643],[6.30909,53.34052],[6.17325,53.42855],[6.10079,53.53985],[6.10673,53.67413],[6.17787,53.78147],[6.30888,53.86663],[6.48264,53.91864],[6.54295,53.92243],[6.64254,53.95996],[6.91088,53.99497],[7.0651,54.03087],[7.24479,54.03685],[7.38458,54.06144],[7.32982,54.1459],[7.34262,54.27717],[7.44588,54.39361],[7.62164,54.47516],[7.83507,54.50723],[7.771,54.58825],[7.7412,54.76479],[7.75942,54.93919],[7.79589,55.02172],[7.90936,55.18305],[8.04916,55.28729],[8.22803,55.34472],[8.43671,55.36386],[8.66964,55.3299],[8.85131,55.25932],[8.90082,55.2144],[9.03429,55.20744],[9.19075,55.17181],[9.32582,55.15534],[9.42033,55.18446],[9.63452,55.19584],[9.83945,55.15849],[9.96516,55.10324],[10.19318,55.05998],[10.24096,55.04287],[10.43041,54.92663],[10.48358,54.85091],[10.53814,54.80377],[10.56216,54.7178],[10.61781,54.70366],[10.71992,54.77193],[10.93987,54.83709],[11.18714,54.83878],[11.28881,54.8257],[11.51679,54.77241],[11.66165,54.69697],[11.77688,54.57237],[11.82931,54.47414],[11.9219,54.51371],[12.10329,54.6836],[12.28902,54.76631],[12.48349,54.79552],[12.67315,54.78231],[12.96709,54.92446],[13.21101,54.98035],[13.35379,54.99192],[13.5548,54.98645],[13.73831,54.93901],[13.87989,54.85509],[14.02683,54.80102],[14.1609,54.7032],[14.21762,54.58252],[14.20833,54.51473],[14.32116,54.46301],[14.4258,54.36832],[14.46624,54.25796],[14.46063,54.2363],[14.67538,54.10084],[14.7509,53.98935],[14.75093,53.89471],[14.81516,53.78954],[14.81305,53.74096],[14.85116,53.6877],[14.85668,53.59476],[14.87927,53.57358],[14.94323,53.37974],[14.97822,53.32247],[14.97769,53.19909],[14.91461,53.10644],[14.8791,52.97705],[14.82857,52.91008],[14.95681,52.85343],[15.10086,52.7486],[15.17209,52.62857],[15.17011,52.49203],[15.14501,52.42166],[15.18392,52.38565],[15.2325,52.29041],[15.23219,52.1943],[15.26747,52.1451],[15.27218,52.01617],[15.20619,51.8358],[15.25229,51.74923],[15.29492,51.72771],[15.45347,51.59174],[15.50765,51.45399],[15.53261,51.42885],[15.57647,51.25662],[15.49458,50.98415],[15.43664,50.90171],[15.42948,50.8657],[15.32193,50.74046],[15.30044,50.69455],[15.18766,50.58849],[15.02128,50.51602],[14.82463,50.48746],[14.73042,50.48528],[14.50743,50.51042],[14.4289,50.54166],[14.3023,50.49565],[14.24207,50.48548],[14.10934,50.41781],[13.9316,50.37959],[13.87075,50.37747],[13.80555,50.33045],[13.62408,50.26842],[13.5812,50.26547],[13.56076,50.24752],[13.35857,50.17509],[13.32118,50.14919],[13.12087,50.0821],[13.03016,50.07349],[13.08747,49.94046],[13.04448,49.77333],[13.14073,49.66377],[13.27724,49.62791],[13.41111,49.55882],[13.54914,49.42176],[13.63428,49.394],[13.78089,49.29963],[13.97641,49.22171],[14.03677,49.17191],[14.12098,49.13419],[14.18486,49.08472],[14.31742,48.93447],[14.37287,48.80623],[14.35251,48.56582],[14.31579,48.46768],[14.18159,48.32299],[14.12548,48.2802],[13.93136,48.18699],[13.83305,48.17527],[13.76535,48.10748],[13.64045,48.03453],[13.49848,47.97909],[13.52669,47.89123],[13.60299,47.78314],[13.64117,47.67996],[13.62164,47.53427],[13.59137,47.49595],[13.53632,47.3324],[13.37267,47.19341],[13.19931,47.12263],[12.99978,47.10025],[12.80218,47.12949],[12.72424,47.15182],[12.47619,47.27248],[12.20525,47.23651],[12.04517,47.2425],[11.99665,47.22673],[11.89448,47.2213],[11.58012,47.08987],[11.43229,47.04107],[11.26974,47.02487],[11.15062,47.03577],[10.98429,47.03002],[10.73785,47.07169],[10.64915,47.01067],[10.42387,46.9271],[10.16579,46.90292],[9.96284,46.93124],[9.78503,47.01338],[9.68054,47.11262],[9.62686,47.18751],[9.48515,47.20602],[9.38257,47.25122],[9.3217,47.26126],[9.2513,47.29882],[9.21159,47.29067],[8.88783,47.30476],[8.84441,47.28088],[8.5504,47.21615],[8.35508,47.2088],[8.22906,47.21901],[8.01379,47.18772],[7.87946,47.19546],[7.7032,47.17225],[7.46532,47.19928],[7.28646,47.28049],[7.13282,47.40879],[7.0,47.57701],[6.9866,47.77659],[7.04479,47.97529],[7.03102,48.06251],[7.04029,48.14752],[7.08774,48.27087],[7.19597,48.42621],[7.33491,48.76635],[7.15263,48.76872],[7.09401,48.75932],[6.91072,48.77205],[6.81717,48.80172],[6.60418,48.82199],[6.42487,48.87687],[6.28771,48.97048],[6.15417,49.12742],[5.93907,49.24154],[5.84379,49.35349],[5.81632,49.47997],[5.84292,49.65461],[5.70025,49.77608],[5.61705,49.88493],[5.55938,50.05974],[5.59213,50.19739],[5.69572,50.39749],[5.66669,50.43012],[5.65011,50.48448],[5.49315,50.62804],[5.43316,50.7332],[5.43474,50.82614],[5.38774,50.89103]]]}},{"type":"Feature","properties":{"role":"de-feather","step":11,"dist_merc_m":66000.0},"geometry":{"type":"Polygon","coordinates":[[[-179.9,-85.0],[179.9,-85.0],[179.9,85.0],[-179.9,85.0],[-179.9,-85.0]],[[5.33643,50.88047],[5.27958,51.02952],[5.31011,51.17032],[5.41468,51.28771],[5.50995,51.33765],[5.57281,51.42658],[5.53649,51.49017],[5.46325,51.54463],[5.37841,51.6842],[5.37611,51.86868],[5.39571,51.91476],[5.46815,52.02444],[5.62959,52.12992],[5.69935,52.14883],[5.7776,52.19735],[6.01017,52.25808],[6.20538,52.26067],[6.22881,52.28484],[6.20168,52.30193],[6.09715,52.50384],[6.1071,52.63967],[6.14462,52.69006],[6.1609,52.75043],[6.29225,52.87957],[6.55396,52.98656],[6.6436,53.07859],[6.50758,53.1625],[6.46395,53.24317],[6.37694,53.2682],[6.22071,53.3426],[6.12749,53.41157],[6.04778,53.53403],[6.05382,53.68022],[6.13208,53.79826],[6.27619,53.89189],[6.46732,53.94906],[6.5232,53.95257],[6.61938,53.98859],[6.89831,54.02603],[7.05319,54.06173],[7.23109,54.0692],[7.31394,54.08342],[7.27655,54.14108],[7.29063,54.28547],[7.40422,54.41351],[7.59755,54.50317],[7.76054,54.52765],[7.71885,54.58036],[7.68735,54.76609],[7.70644,54.9449],[7.74567,55.03295],[7.8616,55.19731],[8.01421,55.31065],[8.21097,55.37379],[8.43864,55.39447],[8.6903,55.35821],[8.89013,55.28062],[8.93135,55.24324],[9.04021,55.238],[9.2037,55.20079],[9.31722,55.18697],[9.40473,55.2139],[9.64033,55.22641],[9.86576,55.18536],[9.98062,55.1341],[10.26953,55.06905],[10.47793,54.94125],[10.53236,54.86345],[10.58831,54.81511],[10.60989,54.74764],[10.68494,54.79558],[10.92688,54.8672],[11.19889,54.86906],[11.30056,54.856],[11.54506,54.79887],[11.7044,54.71593],[11.86472,54.52831],[11.9308,54.57534],[12.06398,54.70491],[12.26595,54.79441],[12.47987,54.82651],[12.65498,54.81432],[12.9755,54.96379],[13.20347,55.01097],[13.34625,55.02253],[13.56737,55.01651],[13.76922,54.96437],[13.91375,54.87908],[14.06154,54.82478],[14.20902,54.71723],[14.27141,54.58451],[14.26416,54.52517],[14.36053,54.48441],[14.47563,54.38029],[14.51703,54.24699],[14.72077,54.11788],[14.80385,53.99527],[14.80452,53.89916],[14.86837,53.79461],[14.8663,53.74698],[14.90378,53.6946],[14.90916,53.60417],[14.92964,53.58498],[14.99553,53.38668],[15.03115,53.32855],[15.03057,53.19283],[14.96631,53.09843],[14.9304,52.96709],[14.89298,52.9203],[14.99187,52.87815],[15.14704,52.76542],[15.22539,52.63342],[15.224,52.49132],[15.20075,52.43078],[15.23236,52.40008],[15.28579,52.29534],[15.28549,52.20052],[15.32009,52.15226],[15.32527,52.01044],[15.2621,51.83937],[15.29881,51.77145],[15.50157,51.60685],[15.58302,51.44074],[15.6303,51.25825],[15.54631,50.97461],[15.48757,50.8899],[15.48064,50.85498],[15.38352,50.74318],[15.34998,50.68109],[15.22591,50.56438],[15.04291,50.48462],[14.82659,50.45317],[14.73238,50.451],[14.48709,50.47866],[14.429,50.50388],[14.32668,50.46506],[14.2672,50.45501],[14.13519,50.38766],[13.89112,50.3432],[13.83958,50.30376],[13.61008,50.23343],[13.35559,50.1226],[13.10051,50.04258],[13.14108,49.94403],[13.10726,49.77394],[13.17826,49.69029],[13.30967,49.65578],[13.44886,49.58376],[13.58832,49.44731],[13.71156,49.3985],[13.81982,49.32414],[14.01093,49.24874],[14.07311,49.19747],[14.15978,49.15866],[14.22821,49.10569],[14.31087,48.99709],[14.36556,48.95039],[14.42656,48.80935],[14.40519,48.55827],[14.36638,48.45534],[14.21953,48.29753],[14.16592,48.25648],[13.95239,48.15389],[13.86363,48.1433],[13.80082,48.08038],[13.67592,48.00739],[13.55799,47.96132],[13.5765,47.90368],[13.65513,47.79231],[13.69473,47.68403],[13.67324,47.52376],[13.64088,47.48331],[13.58458,47.31613],[13.40859,47.1661],[13.21789,47.08819],[12.99841,47.06356],[12.78105,47.09574],[12.69968,47.11918],[12.45347,47.23654],[12.20485,47.19991],[12.0529,47.20512],[12.01063,47.19136],[11.91295,47.18617],[11.61074,47.05966],[11.44812,47.00595],[11.26932,46.98811],[11.15072,46.99895],[10.98496,46.99327],[10.74934,47.02674],[10.68174,46.98139],[10.44311,46.8927],[10.24737,46.86617],[10.16535,46.86608],[9.9421,46.89725],[9.74706,46.98728],[9.63213,47.0965],[9.59247,47.15356],[9.4648,47.1721],[9.36246,47.21774],[9.29814,47.22835],[9.24039,47.25918],[8.90602,47.26844],[8.87038,47.24883],[8.56309,47.18055],[8.34824,47.17247],[8.22289,47.18203],[8.02076,47.15139],[7.89132,47.15885],[7.67745,47.13536],[7.44491,47.16537],[7.24816,47.25476],[7.08533,47.39154],[6.94753,47.56869],[6.93405,47.78463],[6.99152,47.97481],[6.97727,48.06512],[6.98654,48.15013],[7.03872,48.2858],[7.14289,48.43332],[7.25686,48.72806],[7.15734,48.73344],[7.09761,48.72385],[6.89599,48.73787],[6.80665,48.76622],[6.5908,48.7876],[6.39356,48.84801],[6.24268,48.95103],[6.11194,49.10646],[5.8975,49.21914],[5.79269,49.34233],[5.76247,49.48146],[5.78919,49.6429],[5.76427,49.67578],[5.65395,49.75825],[5.56588,49.874],[5.50548,50.05973],[5.5395,50.20484],[5.63669,50.39574],[5.60044,50.46609],[5.44614,50.61131],[5.38015,50.72701],[5.38164,50.81772],[5.33643,50.88047]]]}},{"type":"Feature","properties":{"role":"de-feather","step":12,"dist_merc_m":72000.0},"geometry":{"type":"Polygon","coordinates":[[[-179.9,-85.0],[179.9,-85.0],[179.9,85.0],[-179.9,85.0],[-179.9,-85.0]],[[5.28511,50.86992],[5.22572,51.02826],[5.25906,51.18117],[5.37314,51.30919],[5.46018,51.35479],[5.51484,51.42933],[5.48907,51.47447],[5.41773,51.52668],[5.32517,51.67897],[5.3226,51.8727],[5.34393,51.92399],[5.42234,52.04191],[5.59845,52.15692],[5.66831,52.17585],[5.74664,52.22439],[5.95587,52.28354],[6.15188,52.29206],[6.04382,52.49909],[6.05468,52.64726],[6.09336,52.69922],[6.11014,52.7614],[6.2512,52.90065],[6.51439,53.00934],[6.57526,53.07339],[6.46294,53.14438],[6.42325,53.21781],[6.35093,53.23996],[6.18049,53.32117],[6.08173,53.39459],[5.99478,53.52822],[6.00091,53.6863],[6.08628,53.81504],[6.2435,53.91713],[6.452,53.97946],[6.50345,53.98269],[6.59622,54.01719],[6.88765,54.05718],[7.04128,54.09258],[7.24331,54.10539],[7.22328,54.13626],[7.23864,54.29377],[7.36256,54.43341],[7.57347,54.53116],[7.68601,54.54805],[7.6667,54.57247],[7.6335,54.76738],[7.66235,54.97779],[7.81384,55.21157],[7.97927,55.334],[8.19391,55.40283],[8.44056,55.42504],[8.71096,55.3865],[8.92895,55.30191],[8.96175,55.27219],[9.04613,55.26853],[9.21666,55.22975],[9.30862,55.21856],[9.38912,55.24332],[9.64615,55.25696],[9.89206,55.21221],[9.99607,55.16493],[10.2981,55.09521],[10.52544,54.95587],[10.64166,54.81513],[10.9139,54.8973],[11.21063,54.89932],[11.3123,54.88627],[11.57332,54.82532],[11.74715,54.73489],[11.88176,54.58864],[12.02467,54.72621],[12.24288,54.82248],[12.47624,54.85748],[12.63681,54.84631],[12.94724,54.99013],[13.19593,55.04156],[13.33871,55.05311],[13.57993,55.04655],[13.80013,54.98971],[13.94642,54.90344],[14.09626,54.84853],[14.25714,54.73125],[14.3252,54.5865],[14.32091,54.53935],[14.39989,54.50579],[14.52546,54.39225],[14.57343,54.25767],[14.76617,54.1349],[14.8568,54.00118],[14.85811,53.9036],[14.92158,53.79969],[14.91955,53.75299],[14.95641,53.70149],[14.96163,53.61358],[15.08408,53.33463],[15.08344,53.18657],[15.018,53.09041],[14.98956,52.97807],[14.95923,52.9328],[15.02693,52.90285],[15.19322,52.78223],[15.2787,52.63827],[15.27789,52.49061],[15.25799,52.43881],[15.33909,52.30026],[15.33879,52.20673],[15.37271,52.15942],[15.37836,52.00471],[15.31795,51.8428],[15.34716,51.78835],[15.54967,51.62195],[15.63343,51.45262],[15.68414,51.25988],[15.59803,50.96507],[15.53851,50.87809],[15.53179,50.84425],[15.43104,50.72795],[15.39952,50.66763],[15.26417,50.54026],[15.06453,50.45319],[14.82854,50.41887],[14.73433,50.41669],[14.46674,50.44689],[14.4254,50.46485],[14.35105,50.43445],[14.29233,50.42452],[14.16104,50.3575],[13.9151,50.30883],[13.87362,50.27706],[13.63897,50.20137],[13.39001,50.096],[13.16634,50.021],[13.19469,49.9476],[13.16371,49.78064],[13.21579,49.71679],[13.34211,49.68364],[13.48661,49.6087],[13.6275,49.47284],[13.70195,49.44858],[13.81558,49.37388],[13.94301,49.31131],[14.04544,49.27575],[14.10945,49.22301],[14.19858,49.18312],[14.27156,49.12665],[14.35373,49.01749],[14.41371,48.9663],[14.48025,48.81247],[14.45787,48.55072],[14.41696,48.443],[14.25747,48.27205],[14.20636,48.23275],[13.97341,48.12077],[13.89421,48.11132],[13.83629,48.05326],[13.71139,47.98023],[13.61751,47.94354],[13.70728,47.80147],[13.74829,47.68811],[13.72485,47.51326],[13.69154,47.47162],[13.63284,47.29985],[13.44452,47.13877],[13.23648,47.05373],[12.99705,47.02684],[12.75993,47.06198],[12.67512,47.08652],[12.43814,47.19615],[12.20444,47.16327],[12.06064,47.16771],[11.93142,47.15102],[11.64136,47.02944],[11.46396,46.97081],[11.26891,46.95133],[11.15082,46.9621],[10.98564,46.9565],[10.76839,46.98738],[10.71433,46.9521],[10.46234,46.85828],[10.24881,46.82932],[10.16492,46.82922],[9.92137,46.86324],[9.70909,46.96118],[9.55756,47.12028],[9.44444,47.13816],[9.22949,47.21951],[8.9242,47.23209],[8.89635,47.21676],[8.57579,47.14494],[8.3414,47.13611],[8.22003,47.14397],[8.02773,47.11503],[7.90318,47.12221],[7.67818,47.09869],[7.42449,47.13145],[7.20985,47.22901],[7.03784,47.37428],[6.89506,47.56036],[6.88252,47.59633],[6.88149,47.79267],[6.93825,47.97433],[6.92351,48.06774],[6.93278,48.15274],[6.98971,48.30072],[7.08981,48.44042],[7.19404,48.69641],[7.10121,48.68836],[6.88126,48.70366],[6.79614,48.7307],[6.57742,48.75319],[6.36225,48.81913],[6.19766,48.93157],[6.0697,49.08548],[5.85592,49.19673],[5.74159,49.33116],[5.70863,49.48296],[5.73593,49.63674],[5.60765,49.74042],[5.50559,49.88239],[5.45158,50.05971],[5.48688,50.2123],[5.57953,50.39188],[5.55026,50.45006],[5.39914,50.59457],[5.32715,50.72082],[5.32854,50.8093],[5.28511,50.86992]]]}},{"type":"Feature","properties":{"role":"de-feather","step":13,"dist_merc_m":78000.0},"geometry":{"type":"Polygon","coordinates":[[[-179.9,-85.0],[179.9,-85.0],[179.9,85.0],[-179.9,85.0],[-179.9,-85.0]],[[5.23379,50.85936],[5.17186,51.02699],[5.20802,51.19201],[5.33161,51.33065],[5.41041,51.37193],[5.45688,51.43209],[5.44164,51.45877],[5.37221,51.50872],[5.27193,51.67375],[5.2691,51.87672],[5.29215,51.93321],[5.37652,52.05937],[5.56731,52.1839],[5.63727,52.20285],[5.71568,52.25141],[5.94235,52.31545],[6.08231,52.32322],[5.99049,52.49434],[6.00225,52.65486],[6.04211,52.70838],[6.05938,52.77236],[6.21015,52.92171],[6.47304,53.03022],[6.50838,53.0674],[6.4183,53.12626],[6.38239,53.19273],[6.14028,53.29973],[6.03598,53.3776],[5.94177,53.52241],[5.94801,53.69239],[6.04049,53.83182],[6.2108,53.94236],[6.43668,54.00984],[6.4837,54.01279],[6.57305,54.04578],[6.87698,54.08831],[7.02938,54.12339],[7.17138,54.12934],[7.18666,54.30207],[7.3209,54.4533],[7.54938,54.55913],[7.61395,54.56881],[7.57965,54.76868],[7.60937,54.98349],[7.76608,55.22582],[7.94432,55.35733],[8.17685,55.43185],[8.44248,55.4556],[8.73161,55.41477],[8.96778,55.32319],[8.99014,55.30294],[9.05206,55.29904],[9.22961,55.25869],[9.30001,55.25013],[9.37352,55.27272],[9.65196,55.28749],[9.91837,55.23904],[10.02025,55.19212],[10.32667,55.12136],[10.57295,54.97048],[10.66552,54.85778],[10.90091,54.92737],[11.22237,54.92955],[11.32404,54.91651],[11.60158,54.85175],[11.7899,54.75384],[11.88043,54.6516],[12.00869,54.76185],[12.21981,54.85053],[12.47262,54.88842],[12.61864,54.87827],[12.91898,55.01645],[13.18839,55.07213],[13.33117,55.08367],[13.59249,55.07657],[13.83105,55.01503],[13.97909,54.92778],[14.13097,54.87226],[14.30526,54.74527],[14.37899,54.58849],[14.37765,54.55353],[14.43926,54.52716],[14.57529,54.40421],[14.62368,54.27225],[14.81157,54.15192],[14.90975,54.0071],[14.91169,53.90804],[14.97479,53.80476],[14.9728,53.75901],[15.00903,53.70839],[15.01411,53.62299],[15.13701,53.3407],[15.13632,53.1803],[15.07025,53.08239],[15.03007,52.944],[15.2394,52.79904],[15.332,52.64312],[15.33177,52.4899],[15.31512,52.44654],[15.39238,52.30519],[15.39208,52.21294],[15.42533,52.16659],[15.43145,51.99898],[15.40289,51.95354],[15.37483,51.84904],[15.39602,51.80377],[15.59777,51.63704],[15.68385,51.4645],[15.73798,51.26151],[15.64976,50.95553],[15.58944,50.86627],[15.58294,50.83353],[15.47857,50.71271],[15.44905,50.65416],[15.30243,50.51612],[15.08615,50.42175],[14.8305,50.38453],[14.73629,50.38235],[14.4464,50.4151],[14.4218,50.42579],[14.37543,50.40382],[14.31747,50.39401],[14.18689,50.32732],[13.94129,50.27612],[13.90766,50.25035],[13.22987,50.00412],[13.2483,49.95117],[13.21773,49.78642],[13.25331,49.74328],[13.37454,49.71149],[13.52436,49.63362],[13.67092,49.49697],[13.73579,49.47585],[13.85253,49.39889],[13.97063,49.34068],[14.07996,49.30275],[14.14579,49.24854],[14.23739,49.20756],[14.31492,49.14761],[14.39659,49.03789],[14.46185,48.9822],[14.53394,48.81559],[14.50867,48.65151],[14.51055,48.54318],[14.45976,48.4166],[14.2468,48.20901],[13.99444,48.08763],[13.92479,48.07931],[13.87176,48.02613],[13.67788,47.92609],[13.75942,47.81064],[13.80185,47.69218],[13.77645,47.50275],[13.7422,47.45992],[13.68109,47.28357],[13.48044,47.11143],[13.25506,47.01925],[12.99568,46.9901],[12.7388,47.02819],[12.65056,47.05385],[12.42648,47.15793],[12.20404,47.12662],[12.06838,47.13027],[11.94989,47.11585],[11.67199,46.9992],[11.4798,46.93564],[11.21873,46.91479],[11.15091,46.92522],[10.98632,46.9197],[10.78743,46.94799],[10.74692,46.92279],[10.48157,46.82384],[10.25025,46.79245],[10.16448,46.79233],[9.90064,46.82922],[9.67113,46.93506],[9.51898,47.09204],[9.42408,47.1042],[9.32134,47.15086],[9.25102,47.16247],[9.21401,47.18226],[8.94238,47.19572],[8.58849,47.1093],[8.33457,47.09973],[8.22138,47.10666],[8.0347,47.07865],[7.90907,47.0859],[7.6789,47.06199],[7.40407,47.0975],[7.17155,47.20325],[6.99034,47.35702],[6.84259,47.55204],[6.83005,47.58801],[6.82894,47.80071],[6.88499,47.97385],[6.86975,48.07036],[6.87902,48.15535],[6.9407,48.31563],[7.037,48.44796],[7.11619,48.65468],[6.86653,48.66944],[6.78562,48.69515],[6.56404,48.71875],[6.33093,48.79024],[6.15263,48.91211],[6.03117,49.06015],[5.81435,49.17431],[5.69048,49.32],[5.65478,49.48446],[5.6819,49.63159],[5.56136,49.72258],[5.45367,49.87308],[5.39768,50.05969],[5.43425,50.21975],[5.52238,50.38803],[5.49924,50.43794],[5.35213,50.57783],[5.27414,50.71463],[5.27544,50.80088],[5.23379,50.85936]]]}},{"type":"Feature","properties":{"role":"de-feather","step":14,"dist_merc_m":84000.0},"geometry":{"type":"Polygon","coordinates":[[[-179.9,-85.0],[179.9,-85.0],[179.9,85.0],[-179.9,85.0],[-179.9,-85.0]],[[5.18247,50.84879],[5.118,51.02573],[5.15697,51.20286],[5.29007,51.35211],[5.36064,51.38906],[5.39891,51.43485],[5.32668,51.49076],[5.2187,51.66852],[5.2156,51.88074],[5.24037,51.94244],[5.3307,52.07682],[5.53617,52.21087],[5.60623,52.22983],[5.68473,52.27841],[5.92883,52.34733],[6.01273,52.35436],[5.93715,52.48959],[5.94982,52.66245],[5.99086,52.71754],[6.00862,52.78333],[6.1691,52.94276],[6.44149,53.0614],[6.37366,53.10813],[6.34041,53.16971],[6.10007,53.27828],[5.99022,53.36061],[5.88877,53.51659],[5.8951,53.69848],[5.99469,53.84859],[6.17811,53.96758],[6.54989,54.07434],[6.86631,54.11942],[7.01747,54.15419],[7.11985,54.15847],[7.13467,54.31037],[7.27924,54.47317],[7.5253,54.58708],[7.55748,54.5919],[7.52579,54.76998],[7.55639,54.98919],[7.71832,55.24007],[7.90938,55.38065],[8.15979,55.46085],[8.4444,55.48613],[8.75227,55.44302],[9.02049,55.33189],[9.24256,55.28762],[9.29141,55.28168],[9.35791,55.3021],[9.65777,55.31799],[9.94467,55.26585],[10.04526,55.21893],[10.35523,55.14748],[10.62047,54.98508],[10.68338,54.897],[10.88792,54.95741],[11.23411,54.95977],[11.33578,54.94674],[11.62984,54.87816],[11.83265,54.77278],[11.88533,54.71334],[11.96938,54.78312],[12.19674,54.87857],[12.469,54.91934],[12.60047,54.91021],[12.89071,55.04276],[13.18085,55.10267],[13.32363,55.11421],[13.60506,55.10656],[13.86196,55.04034],[14.01176,54.95211],[14.16568,54.89598],[14.35338,54.75929],[14.4344,54.5677],[14.47862,54.54852],[14.62513,54.41617],[14.67215,54.28796],[14.85697,54.16893],[14.96271,54.01301],[14.96528,53.91249],[15.028,53.80983],[15.02605,53.76502],[15.06166,53.71528],[15.06659,53.63239],[15.15245,53.40752],[15.18994,53.34678],[15.1892,53.17404],[15.13537,53.09496],[15.12799,53.04461],[15.08406,52.95891],[15.28558,52.81584],[15.3853,52.64797],[15.38566,52.48919],[15.37116,52.45145],[15.44567,52.31012],[15.44538,52.21914],[15.47795,52.17375],[15.48454,51.99326],[15.43089,51.85304],[15.44342,51.8234],[15.64588,51.65213],[15.73426,51.47638],[15.79181,51.26314],[15.71861,50.98938],[15.66562,50.90927],[15.6341,50.8228],[15.58981,50.75494],[15.52296,50.69278],[15.49859,50.6407],[15.34069,50.49198],[15.10777,50.39028],[14.83245,50.35018],[14.73824,50.34799],[14.42247,50.38484],[14.3426,50.36348],[14.21275,50.29711],[13.96901,50.24456],[13.94169,50.22361],[13.29341,49.98723],[13.30192,49.95474],[13.27155,49.79111],[13.29084,49.76976],[13.40698,49.73932],[13.56212,49.65853],[13.70974,49.52259],[13.81307,49.48034],[13.88948,49.42389],[13.99824,49.37004],[14.11447,49.32974],[14.18212,49.27405],[14.27619,49.232],[14.35827,49.16855],[14.44046,49.05742],[14.51,48.9981],[14.58763,48.8187],[14.56129,48.64764],[14.56323,48.53563],[14.51035,48.40425],[14.28724,48.18526],[14.01547,48.05447],[13.95537,48.04728],[13.90724,47.99898],[13.74654,47.91187],[13.81156,47.8198],[13.8554,47.69625],[13.82806,47.49224],[13.79287,47.44822],[13.72935,47.26728],[13.51636,47.08407],[13.27365,46.98475],[12.99431,46.95334],[12.71767,46.99438],[12.5692,47.04097],[12.41721,47.12002],[12.20364,47.08993],[12.07981,47.09402],[11.96836,47.08065],[11.70261,46.96894],[11.49564,46.90045],[11.21832,46.87796],[11.15101,46.88832],[10.98699,46.88288],[10.80648,46.90857],[10.5008,46.78938],[10.25168,46.75555],[10.16404,46.75542],[9.8799,46.79517],[9.63864,46.90522],[9.48161,47.06023],[9.40372,47.07022],[9.29944,47.1176],[9.22745,47.1295],[9.19339,47.14773],[8.96056,47.15933],[8.60118,47.07364],[8.22273,47.06932],[8.04167,47.04224],[7.91362,47.04963],[7.67962,47.02526],[7.38366,47.06353],[7.13325,47.17749],[6.94285,47.33976],[6.79013,47.54371],[6.77759,47.57969],[6.77639,47.80875],[6.83146,47.97503],[6.816,48.07297],[6.82527,48.15796],[6.89169,48.33054],[6.98512,48.45699],[7.05154,48.62127],[6.8518,48.63518],[6.77511,48.65958],[6.55065,48.68429],[6.29962,48.76133],[6.1076,48.89263],[5.99513,49.03188],[5.77277,49.15188],[5.63938,49.30883],[5.60093,49.48596],[5.62648,49.62135],[5.51506,49.70473],[5.40174,49.86376],[5.34379,50.05968],[5.38163,50.2272],[5.46522,50.38417],[5.44821,50.42582],[5.30512,50.56107],[5.22114,50.70843],[5.22233,50.79246],[5.18247,50.84879]]]}},{"type":"Feature","properties":{"role":"de-feather","step":15,"dist_merc_m":90000.0},"geometry":{"type":"Polygon","coordinates":[[[-179.9,-85.0],[179.9,-85.0],[179.9,85.0],[-179.9,85.0],[-179.9,-85.0]],[[5.13115,50.83823],[5.06414,51.02447],[5.10593,51.21369],[5.24853,51.37355],[5.31562,51.40866],[5.33809,51.43435],[5.28116,51.47279],[5.16546,51.6633],[5.16209,51.88476],[5.18859,51.95166],[5.28489,52.09426],[5.50504,52.23782],[5.57519,52.25679],[5.65377,52.3054],[5.94177,52.38338],[5.88382,52.48484],[5.8974,52.67003],[5.93961,52.72669],[5.95786,52.79429],[6.12805,52.9638],[6.3641,53.06115],[6.32903,53.08999],[6.29843,53.14668],[6.05985,53.25681],[5.94446,53.34361],[5.83576,53.51078],[5.84219,53.70456],[5.9489,53.86535],[6.14541,53.99278],[6.52673,54.10289],[6.85564,54.1505],[7.00556,54.18496],[7.06989,54.18765],[7.08268,54.31867],[7.23757,54.49304],[7.50101,54.61492],[7.47194,54.77128],[7.50342,54.99489],[7.54481,55.07781],[7.67057,55.25431],[7.87443,55.40396],[8.14273,55.48982],[8.44632,55.51664],[8.77293,55.47125],[9.05084,55.36082],[9.25552,55.31651],[9.28281,55.3132],[9.3423,55.33146],[9.66359,55.34847],[9.97098,55.29265],[10.07028,55.24573],[10.3838,55.17359],[10.66798,54.99968],[10.71198,54.93935],[10.87494,54.98744],[11.24586,54.98996],[11.34753,54.97694],[11.65811,54.90456],[11.89023,54.77499],[11.93007,54.80438],[12.17367,54.90658],[12.46538,54.95024],[12.5823,54.94212],[12.86245,55.06905],[13.17332,55.13319],[13.3161,55.14472],[13.61762,55.13653],[13.89287,55.06563],[14.04443,54.97642],[14.20039,54.91968],[14.4015,54.7733],[14.48757,54.58334],[14.51799,54.56987],[14.67496,54.42812],[14.72062,54.30366],[14.90237,54.18593],[15.01566,54.01892],[15.01887,53.91693],[15.08121,53.81491],[15.0793,53.77104],[15.11428,53.72218],[15.11906,53.6418],[15.20475,53.41446],[15.24287,53.35286],[15.24207,53.16778],[15.18857,53.08916],[15.18124,53.03959],[15.1429,52.9686],[15.33176,52.83264],[15.4386,52.65282],[15.42703,52.45592],[15.49897,52.31505],[15.49868,52.22535],[15.53057,52.18091],[15.53763,51.98753],[15.48644,51.85566],[15.52966,51.80395],[15.69398,51.66722],[15.78467,51.48826],[15.84565,51.26477],[15.77117,50.98186],[15.71716,50.90034],[15.68525,50.81207],[15.63884,50.74078],[15.57079,50.67748],[15.54812,50.62722],[15.37894,50.46782],[15.12939,50.35879],[14.83441,50.31579],[14.7402,50.31361],[14.43509,50.34812],[14.36773,50.33293],[14.2386,50.26689],[13.99986,50.21538],[13.97573,50.19687],[13.35377,49.96926],[13.32836,49.79622],[13.43941,49.76713],[13.59987,49.68343],[13.74583,49.54908],[13.84691,49.50759],[13.92643,49.44887],[14.02586,49.39938],[14.14899,49.35671],[14.21846,49.29956],[14.31499,49.25642],[14.40162,49.18949],[14.49044,49.07173],[14.50871,49.06965],[14.55815,49.014],[14.64132,48.82182],[14.6139,48.64378],[14.6159,48.52807],[14.56093,48.3919],[14.32768,48.1615],[14.03649,48.02128],[13.98595,48.01524],[13.94271,47.97182],[13.8152,47.89765],[13.86371,47.82896],[13.86835,47.78408],[13.90896,47.70033],[13.87966,47.48172],[13.84353,47.43652],[13.77761,47.25099],[13.55228,47.05671],[13.29223,46.95022],[12.99294,46.91655],[12.69654,46.96055],[12.54463,47.00826],[12.40795,47.08208],[12.20324,47.05322],[12.09378,47.05857],[11.98684,47.04543],[11.73323,46.93866],[11.51148,46.86524],[11.2179,46.84111],[11.1511,46.85139],[10.98767,46.84603],[10.82257,46.86955],[10.52003,46.75489],[10.25312,46.71862],[10.1636,46.71848],[9.85917,46.7611],[9.60067,46.87907],[9.44189,47.02871],[9.38336,47.03622],[9.27755,47.08433],[9.20389,47.09651],[9.17249,47.11332],[8.97874,47.1229],[8.61388,47.03795],[8.22408,47.03195],[8.04865,47.0058],[7.91817,47.01334],[7.68035,46.98851],[7.36324,47.02954],[7.09494,47.1517],[6.89535,47.32249],[6.85494,47.37352],[6.86793,47.37824],[6.73766,47.53538],[6.72512,47.57136],[6.72291,47.81259],[6.77719,47.98091],[6.76224,48.07559],[6.77151,48.16057],[6.84267,48.34545],[6.93324,48.46602],[6.97804,48.59108],[6.83707,48.60091],[6.76459,48.62398],[6.53727,48.64981],[6.26831,48.7324],[6.06257,48.87315],[5.95395,49.00706],[5.7312,49.12944],[5.58828,49.29765],[5.54708,49.48746],[5.57092,49.61041],[5.46877,49.68688],[5.34982,49.85444],[5.28989,50.05966],[5.329,50.23465],[5.40841,50.38103],[5.39719,50.4137],[5.25812,50.54432],[5.16813,50.70224],[5.16923,50.78403],[5.13115,50.83823]]]}},{"type":"Feature","properties":{"role":"de-feather","step":16,"dist_merc_m":96000.0},"geometry":{"type":"Polygon","coordinates":[[[-179.9,-85.0],[179.9,-85.0],[179.9,85.0],[-179.9,85.0],[-179.9,-85.0]],[[5.07983,50.82766],[5.01028,51.02321],[5.05488,51.22453],[5.20699,51.39498],[5.27399,51.4301],[5.23564,51.45481],[5.11223,51.65807],[5.10859,51.88878],[5.13681,51.96088],[5.23907,52.1117],[5.4739,52.26475],[5.54415,52.28374],[5.62282,52.33237],[5.87436,52.4033],[5.83049,52.48009],[5.84497,52.67762],[5.88836,52.73584],[5.9071,52.80525],[6.087,52.98484],[6.28872,53.068],[6.25645,53.12364],[6.01964,53.23534],[5.8987,53.3266],[5.78276,53.50496],[5.78928,53.71065],[5.9031,53.88211],[6.11272,54.01796],[6.50356,54.13141],[7.01993,54.21681],[7.03069,54.32697],[7.19591,54.51289],[7.44586,54.62849],[7.41809,54.77258],[7.45044,55.00059],[7.49459,55.08902],[7.62281,55.26855],[7.83949,55.42725],[8.12568,55.51878],[8.44824,55.54712],[8.79359,55.49945],[9.08291,55.38747],[9.26847,55.34539],[9.3267,55.36079],[9.6694,55.37893],[9.99729,55.31942],[10.0953,55.27251],[10.41237,55.19969],[10.71549,55.01427],[10.74249,54.98222],[10.86195,55.01744],[11.2576,55.02013],[11.35927,55.00712],[11.68637,54.93094],[11.89009,54.82522],[12.1506,54.93458],[12.46175,54.98111],[12.56413,54.97401],[12.83419,55.09532],[13.16578,55.16369],[13.30856,55.17521],[13.63018,55.16648],[13.92379,55.09091],[14.07711,55.00071],[14.2351,54.94337],[14.44961,54.7873],[14.53763,54.60026],[14.72479,54.44007],[14.76909,54.31936],[14.94777,54.20293],[15.06861,54.02484],[15.07246,53.92137],[15.13442,53.81998],[15.13255,53.77705],[15.16691,53.72907],[15.17154,53.6512],[15.25705,53.4214],[15.2958,53.35893],[15.29495,53.16151],[15.24177,53.08336],[15.23448,53.03457],[15.2007,52.97582],[15.37793,52.84943],[15.49191,52.65767],[15.4819,52.45776],[15.55226,52.31997],[15.55198,52.23156],[15.58319,52.18807],[15.59072,51.9818],[15.54083,51.85512],[15.74208,51.6823],[15.83508,51.50013],[15.89948,51.2664],[15.82373,50.97434],[15.76869,50.89141],[15.7364,50.80134],[15.68788,50.72662],[15.62035,50.6638],[15.59766,50.61374],[15.4172,50.44365],[15.15101,50.32728],[14.83636,50.28139],[14.74215,50.2792],[14.44954,50.31232],[14.39286,50.30237],[14.26445,50.23665],[14.03072,50.18619],[14.00976,50.17011],[13.40671,49.9488],[13.38281,49.82002],[13.47185,49.79492],[13.63762,49.70831],[13.7842,49.57482],[13.88075,49.53483],[14.01315,49.44798],[14.1835,49.38367],[14.2548,49.32505],[14.35379,49.28083],[14.44497,49.21041],[14.50146,49.1283],[14.60629,49.02989],[14.69501,48.82493],[14.66652,48.63991],[14.66858,48.52052],[14.61152,48.37954],[14.36812,48.13772],[14.05752,47.98808],[14.01654,47.98317],[13.97818,47.94464],[13.88088,47.88764],[13.91585,47.83812],[13.92078,47.79047],[13.96252,47.7044],[13.93127,47.47121],[13.89419,47.42482],[13.82587,47.23469],[13.5882,47.02932],[13.31081,46.91568],[12.99157,46.87973],[12.67541,46.92669],[12.52007,46.97554],[12.40261,47.0426],[12.20283,47.01649],[12.10776,47.02309],[12.00531,47.01019],[11.76385,46.90837],[11.52732,46.83],[11.26724,46.80397],[11.1512,46.81444],[10.98835,46.80915],[10.83405,46.83115],[10.53926,46.72039],[10.25456,46.68167],[10.16317,46.68152],[9.83844,46.727],[9.56271,46.85292],[9.41083,46.99606],[9.36301,47.0022],[9.25566,47.05103],[9.15173,47.07882],[8.99325,47.08669],[8.62658,47.00224],[8.22543,46.99456],[8.05562,46.96934],[7.92272,46.97703],[7.68107,46.95173],[7.34282,46.99553],[7.05664,47.12591],[6.84786,47.30521],[6.80745,47.35626],[6.82228,47.36165],[6.68519,47.52704],[6.67265,47.56304],[6.66909,47.81454],[6.72292,47.98679],[6.70848,48.0782],[6.71775,48.16318],[6.79366,48.36035],[6.88139,48.47512],[6.90913,48.56056],[6.82234,48.56661],[6.62054,48.61106],[6.52389,48.61531],[6.237,48.70346],[6.01755,48.85366],[5.90896,48.98644],[5.68962,49.10699],[5.53718,49.28648],[5.49323,49.48895],[5.51631,49.59875],[5.42247,49.66902],[5.29789,49.84512],[5.23599,50.05964],[5.25762,50.18409],[5.35216,50.3805],[5.34617,50.40158],[5.21111,50.52755],[5.11513,50.69605],[5.11613,50.7756],[5.07983,50.82766]]]}}]}